{
  "data": [
    {
      "token": "AyrMnuDjCNChofnBso9yyV8h7CghWCWgWANbhCUbrTfy",
      "chain": "solana",
      "symbol": "AVOCATO",
      "name": "AVOCATO",
      "logo_url": "",
      "current_price_usd": 0.00021022663238702248,
      "price_change_24h": -6.6,
      "tx_volume_u_24h": 9128837.251189,
      "holders": 2644,
      "market_cap": "210226.63238702248000000000",
      "fdv": "210226.63238702248000000000",
      "risk_score": "55"
    },
    {
      "token": "EGKuQp7wYBCMc1TodN9NLWxnMMHwrg2w9nCPC3BUfUXy",
      "chain": "solana",
      "symbol": "SIGNAL",
      "name": "SIGNAL",
      "logo_url": "",
      "current_price_usd": 0.0015661477602017515,
      "price_change_24h": 1858.12,
      "tx_volume_u_24h": 7687482.743101,
      "holders": 2593,
      "market_cap": "1566147.7602017515000000000",
      "fdv": "1566147.7602017515000000000",
      "risk_score": "55"
    },
    {
      "token": "5hMJsZnGX7GEHxnQtFiwXbALUb9aV76A3LRqMBN6pump",
      "chain": "solana",
      "symbol": "APPLE",
      "name": "APPLE",
      "logo_url": "",
      "current_price_usd": 0.002611705252992387,
      "price_change_24h": 549.23,
      "tx_volume_u_24h": 17533074.777487,
      "holders": 3092,
      "market_cap": "2611705.252992387000000000",
      "fdv": "2611705.252992387000000000",
      "risk_score": "0"
    },
    {
      "token": "Gg4CJSfz8Rf2ELKh4RC14eUiRNHVHsqj75AAm1H4PVSK",
      "chain": "solana",
      "symbol": "KNCT",
      "name": "KNCT",
      "logo_url": "",
      "current_price_usd": 0.0005783445563114901,
      "price_change_24h": 679.47,
      "tx_volume_u_24h": 5671662.027448,
      "holders": 1217,
      "market_cap": "578344.5563114901000000000",
      "fdv": "578344.5563114901000000000",
      "risk_score": "55"
    },
    {
      "token": "CrghoogVHHk5EzYr4NSQKWrdutKpMyWXNwwLHCnmpump",
      "chain": "solana",
      "symbol": "Shine",
      "name": "Shine",
      "logo_url": "https://www.iconaves.com/ipfs/pump/CrghoogVHHk5EzYr4NSQKWrdutKpMyWXNwwLHCnmpump_147.webp",
      "current_price_usd": 0.0001405802069210219,
      "price_change_24h": 86.37,
      "tx_volume_u_24h": 6796000.398544,
      "holders": 1923,
      "market_cap": "140580.2069210219000000000",
      "fdv": "140580.2069210219000000000",
      "risk_score": "0"
    },
    {
      "token": "6n47BmkY99wdF86GqxDWAH8YCXhmea58kYL85qS67L43",
      "chain": "solana",
      "symbol": "DAL",
      "name": "DAL",
      "logo_url": "",
      "current_price_usd": 0.6436024499918824,
      "price_change_24h": 1476.01,
      "tx_volume_u_24h": 24417408.928643,
      "holders": 6730,
      "market_cap": "13515651.4498295304000000",
      "fdv": "13515651.4498295304000000",
      "risk_score": "55"
    },
    {
      "token": "Htmmgay1BuXMJPY7ZTwtyMKQGkSvsoXdJSAtQ3Z4pafu",
      "chain": "solana",
      "symbol": "LORA",
      "name": "LORA",
      "logo_url": "",
      "current_price_usd": 0.0019460329496268614,
      "price_change_24h": 556.09,
      "tx_volume_u_24h": 21386124.033193,
      "holders": 2132,
      "market_cap": "0.0000000000000000000",
      "fdv": "0.0000000000000000000",
      "risk_score": "55"
    },
    {
      "token": "6KTBGK2qcywE8ZDa5vSoiELETyMFM28pRFEi6DQRhYXx",
      "chain": "solana",
      "symbol": "LifeDiary",
      "name": "LifeDiary",
      "logo_url": "",
      "current_price_usd": 0.002888309797594333,
      "price_change_24h": 590.33,
      "tx_volume_u_24h": 31990857.921579,
      "holders": 1332,
      "market_cap": "2888309.797594333000000000",
      "fdv": "2888309.797594333000000000",
      "risk_score": "55"
    },
    {
      "token": "56AD3j9APXAvVNpkxrzQDZqFhxmGjHdPmvKNLEUarX8r",
      "chain": "solana",
      "symbol": "Leo XIV",
      "name": "Leo XIV",
      "logo_url": "",
      "current_price_usd": 0.0019142685318767993,
      "price_change_24h": 225.45,
      "tx_volume_u_24h": 22441129.654328,
      "holders": 2525,
      "market_cap": "1914268.5318767993000000000",
      "fdv": "1914268.5318767993000000000",
      "risk_score": "55"
    },
    {
      "token": "GUM5Vd4qe5kgTBHNfmLRaZSKKmYdAWxLJ18DY1Uzpump",
      "chain": "solana",
      "symbol": "Glonk",
      "name": "Glonk",
      "logo_url": "https://www.iconaves.com/ipfs/pump/GUM5Vd4qe5kgTBHNfmLRaZSKKmYdAWxLJ18DY1Uzpump_147.webp",
      "current_price_usd": 0.0007812435701919521,
      "price_change_24h": 925.15,
      "tx_volume_u_24h": 54462952.100178,
      "holders": 4132,
      "market_cap": "781243.5701919521000000000",
      "fdv": "781243.5701919521000000000",
      "risk_score": "0"
    },
    {
      "token": "FqARKWzVxCApBH3wYhz2JvscDKCTyTwvmA6WXeEjbonk",
      "chain": "solana",
      "symbol": "CYB",
      "name": "CYB",
      "logo_url": "https://www.iconaves.com/ipfs/bonk/FqARKWzVxCApBH3wYhz2JvscDKCTyTwvmA6WXeEjbonk_147_20250514031147.webp",
      "current_price_usd": 0.0005469008183790753,
      "price_change_24h": 590.2,
      "tx_volume_u_24h": 13725777.739695,
      "holders": 1988,
      "market_cap": "546900.8183790753000000000",
      "fdv": "546900.8183790753000000000",
      "risk_score": "0"
    },
    {
      "token": "5GNffsi7zcKFYWF1U1PXYb8eGuheqmwydwcuajzUTM33",
      "chain": "solana",
      "symbol": "DASHCOIN",
      "name": "DASHCOIN",
      "logo_url": "",
      "current_price_usd": 0.000918201730481516,
      "price_change_24h": 895.48,
      "tx_volume_u_24h": 17516567.819108,
      "holders": 1566,
      "market_cap": "918201.730481516000000000",
      "fdv": "918201.730481516000000000",
      "risk_score": "55"
    },
    {
      "token": "7RhcnEJ4Nz5BNkUg5V5vWZaGGiFgnTjEPvLFYLGfbonk",
      "chain": "solana",
      "symbol": "DOOM",
      "name": "DOOM",
      "logo_url": "https://www.iconaves.com/ipfs/bonk/7RhcnEJ4Nz5BNkUg5V5vWZaGGiFgnTjEPvLFYLGfbonk_147_20250513181424.webp",
      "current_price_usd": 0.0005460704035764499,
      "price_change_24h": 602.25,
      "tx_volume_u_24h": 37401507.599547,
      "holders": 2942,
      "market_cap": "546070.4035764499000000000",
      "fdv": "546070.4035764499000000000",
      "risk_score": "0"
    },
    {
      "token": "4EsrfTaMr3oSNFUscBs9HSph7f1dJ26RyDJNQYE1efRC",
      "chain": "solana",
      "symbol": "INDIE",
      "name": "INDIE",
      "logo_url": "",
      "current_price_usd": 0.000346668903293829,
      "price_change_24h": 1.09,
      "tx_volume_u_24h": 958714.273485,
      "holders": 1149,
      "market_cap": "346668.903293829000000000",
      "fdv": "346668.903293829000000000",
      "risk_score": "55"
    },
    {
      "token": "2VqtrBXmgkNa3oeJwgnBUdNL5yJhq8kddqYtPVGKbonk",
      "chain": "solana",
      "symbol": "FLOPPY",
      "name": "FLOPPY",
      "logo_url": "https://www.iconaves.com/ipfs/bonk/2VqtrBXmgkNa3oeJwgnBUdNL5yJhq8kddqYtPVGKbonk_147_20250513123906.webp",
      "current_price_usd": 0.00043198284716996967,
      "price_change_24h": 98.63,
      "tx_volume_u_24h": 9615252.688689,
      "holders": 2947,
      "market_cap": "431982.84716996967000000000",
      "fdv": "431982.84716996967000000000",
      "risk_score": "0"
    },
    {
      "token": "EmoNk76Psbz4k1DpePgyFmZX3Wkv3RDfo8tGX9cbonk",
      "chain": "solana",
      "symbol": "Dazhuang",
      "name": "Dazhuang",
      "logo_url": "https://www.iconaves.com/ipfs/bonk/EmoNk76Psbz4k1DpePgyFmZX3Wkv3RDfo8tGX9cbonk_147_20250513070334.webp",
      "current_price_usd": 0.00033740004809952785,
      "price_change_24h": -21.91,
      "tx_volume_u_24h": 4225200.108828,
      "holders": 2944,
      "market_cap": "337400.04809952785000000000",
      "fdv": "337400.04809952785000000000",
      "risk_score": "40"
    },
    {
      "token": "599Ny3oMiutVZ8j8c5NCxbsNXtwMybfpURtvmukd5YWA",
      "chain": "solana",
      "symbol": "DOGY",
      "name": "DOGY",
      "logo_url": "",
      "current_price_usd": 2.945350227035421e-7,
      "price_change_24h": 420.63,
      "tx_volume_u_24h": 2163213.301861,
      "holders": 4304,
      "market_cap": "294535.0227032475649772964579",
      "fdv": "294535.0227032475649772964579",
      "risk_score": "55"
    },
    {
      "token": "5bKxjcJLsz2kpQ2jD9DfqbBJSRpw68sdoAUV2rUibonk",
      "chain": "solana",
      "symbol": "IBG",
      "name": "IBG",
      "logo_url": "https://www.iconaves.com/ipfs/bonk/5bKxjcJLsz2kpQ2jD9DfqbBJSRpw68sdoAUV2rUibonk_147_20250512111253.webp",
      "current_price_usd": 0.00024527624695603863,
      "price_change_24h": 71.93,
      "tx_volume_u_24h": 626684.428045,
      "holders": 2431,
      "market_cap": "245276.24695603863000000000",
      "fdv": "245276.24695603863000000000",
      "risk_score": "40"
    },
    {
      "token": "AtortPA9SVbkKmdzu5zg4jxgkR4howvPshorA9jYbonk",
      "chain": "solana",
      "symbol": "IKUN",
      "name": "IKUN",
      "logo_url": "https://www.iconaves.com/ipfs/bonk/AtortPA9SVbkKmdzu5zg4jxgkR4howvPshorA9jYbonk_147_20250512062209.webp",
      "current_price_usd": 0.006197852754646628,
      "price_change_24h": 31.19,
      "tx_volume_u_24h": 16180580.034738,
      "holders": 6087,
      "market_cap": "6197852.754646628000000000",
      "fdv": "6197852.754646628000000000",
      "risk_score": "40"
    },
    {
      "token": "7tPPYTBKrFLKKnoCwijrsfjAYadyp7GpAmSPUbVwbonk",
      "chain": "solana",
      "symbol": "Petunia",
      "name": "Petunia",
      "logo_url": "https://www.iconaves.com/ipfs/bonk/7tPPYTBKrFLKKnoCwijrsfjAYadyp7GpAmSPUbVwbonk_147_20250512011813.webp",
      "current_price_usd": 0.004655911019283772,
      "price_change_24h": 57.87,
      "tx_volume_u_24h": 10711942.568394,
      "holders": 3863,
      "market_cap": "4655911.019283772000000000",
      "fdv": "4655911.019283772000000000",
      "risk_score": "40"
    },
    {
      "token": "EngCPwywQUubsSbeXBrmFAKUupkAegttSCNDLwNDN5Q6",
      "chain": "solana",
      "symbol": "JD Socks",
      "name": "JD Socks",
      "logo_url": "",
      "current_price_usd": 0.0035106734343310596,
      "price_change_24h": -5.89,
      "tx_volume_u_24h": 25468111.680768,
      "holders": 5136,
      "market_cap": "3510673.4343310596000000000",
      "fdv": "3510673.4343310596000000000",
      "risk_score": "55"
    },
    {
      "token": "0x666acd390fa42d5bf86e9c42dc2fa6f6b4b2d8ab",
      "chain": "eth",
      "symbol": "GORTH",
      "name": "Gorth",
      "logo_url": "https://www.iconaves.com/token_icon_request/68218a183b407c5699c475ee_1747028505.png",
      "current_price_usd": 2.782050683459991e-9,
      "price_change_24h": 58.47,
      "tx_volume_u_24h": 685728.518902,
      "holders": 1383,
      "market_cap": "1170380.902024783613790000000000",
      "fdv": "1170380.902024783613790000000000",
      "risk_score": "55"
    },
    {
      "token": "0x3ea6eb083ac2b82f3d87124f701770c0b9e6228f",
      "chain": "bsc",
      "symbol": "RATO",
      "name": "RATO",
      "logo_url": "https://www.iconaves.com/token_icon_request/6821744d9d9b92d5e6e59ddc_1747022925.png",
      "current_price_usd": 2.994641559351673e-7,
      "price_change_24h": 36.43,
      "tx_volume_u_24h": 372410.249655,
      "holders": 2733,
      "market_cap": "119046.3499366624673391839220654995",
      "fdv": "119046.3499366624673391839220654995",
      "risk_score": "40"
    },
    {
      "token": "0x962c8a85f500519266269f77dffba4cea0b46da1",
      "chain": "eth",
      "symbol": "BERRY",
      "name": "BERRY",
      "logo_url": "https://www.iconaves.com/token_icon_request/6820364759b426acac8c318f_1746941512.png",
      "current_price_usd": 0.010876426391820447,
      "price_change_24h": -19.18,
      "tx_volume_u_24h": 3452861.832919,
      "holders": 3845,
      "market_cap": "4575603.818774943848430000",
      "fdv": "4575603.818774943848430000",
      "risk_score": "40"
    },
    {
      "token": "GWsmnVgPUoY5z9sNj5phRZbFWEY8M8WAjGZEvhCwbonk",
      "chain": "solana",
      "symbol": "GOD",
      "name": "GOD",
      "logo_url": "https://www.iconaves.com/ipfs/bonk/GWsmnVgPUoY5z9sNj5phRZbFWEY8M8WAjGZEvhCwbonk_147_20250510232811.webp",
      "current_price_usd": 0.0002336410112719732,
      "price_change_24h": -28.35,
      "tx_volume_u_24h": 691685.501795,
      "holders": 1997,
      "market_cap": "233641.0112719732000000000",
      "fdv": "233641.0112719732000000000",
      "risk_score": "40"
    },
    {
      "token": "Dz9mQ9NzkBcCsuGPFJ3r1bS4wgqKMHBPiVuniW8Mbonk",
      "chain": "solana",
      "symbol": "USELESS",
      "name": "USELESS",
      "logo_url": "https://www.iconaves.com/ipfs/bonk/Dz9mQ9NzkBcCsuGPFJ3r1bS4wgqKMHBPiVuniW8Mbonk_147_20250510142329.webp",
      "current_price_usd": 0.020472642555233657,
      "price_change_24h": 20.18,
      "tx_volume_u_24h": 16139448.450555,
      "holders": 7280,
      "market_cap": "20472642.555233657000000000",
      "fdv": "20472642.555233657000000000",
      "risk_score": "40"
    },
    {
      "token": "0x002d0619eab294d21fef071f8b780cae7e999999",
      "chain": "bsc",
      "symbol": "PLAYFUN",
      "name": "PLAYFUN",
      "logo_url": "https://www.iconaves.com/token_icon_request/681ef810f2087d82fec8741c_1746860048.png",
      "current_price_usd": 0.00004661515628242967,
      "price_change_24h": 35.65,
      "tx_volume_u_24h": 2476804.606539,
      "holders": 8753,
      "market_cap": "9487820.9397923241866843210137376",
      "fdv": "9487820.9397923241866843210137376",
      "risk_score": "20"
    },
    {
      "token": "C3Tqmrgp7oKE6x5TmZaig5nVV4EPnQcw2BZyVRXboop",
      "chain": "solana",
      "symbol": "SLUB",
      "name": "SLUB",
      "logo_url": "https://www.iconaves.com/boop/solana/C3Tqmrgp7oKE6x5TmZaig5nVV4EPnQcw2BZyVRXboop_147.webp",
      "current_price_usd": 0.0003875856265128881,
      "price_change_24h": 33.73,
      "tx_volume_u_24h": 761143.49874,
      "holders": 1710,
      "market_cap": "387585.6265128881000000000",
      "fdv": "387585.6265128881000000000",
      "risk_score": "40"
    },
    {
      "token": "H4SFaUnxrZRoFnhBeotZnuqw4mfVtJ2nCvGrPmQupump",
      "chain": "solana",
      "symbol": "HOTMOM",
      "name": "HOTMOM",
      "logo_url": "https://www.iconaves.com/ipfs/pump/H4SFaUnxrZRoFnhBeotZnuqw4mfVtJ2nCvGrPmQupump_147.webp",
      "current_price_usd": 0.10367168457703134,
      "price_change_24h": 52.06,
      "tx_volume_u_24h": 15337894.983048,
      "holders": 8609,
      "market_cap": "103671684.57703134000000000",
      "fdv": "103671684.57703134000000000",
      "risk_score": "0"
    },
    {
      "token": "0x49083d8e7daada7ede74c04ed52ec512fd9f006c",
      "chain": "bsc",
      "symbol": "BANK",
      "name": "BANK",
      "logo_url": "https://www.iconaves.com/token_icon_request/681df226361542fa3e8d12d2_1746792998.png",
      "current_price_usd": 0.32544305617643765,
      "price_change_24h": -9.28,
      "tx_volume_u_24h": 116969.03718482044,
      "holders": 2192,
      "market_cap": "1913118.073307292266051800618695735",
      "fdv": "1913118.073307292266051800618695735",
      "risk_score": "55"
    },
    {
      "token": "6q4LFnMxKfq3a4gbjEYfWsGbEyr6Vgp4WfjFyKTXpump",
      "chain": "solana",
      "symbol": "POPEROBERT",
      "name": "POPEROBERT",
      "logo_url": "https://www.iconaves.com/ipfs/pump/6q4LFnMxKfq3a4gbjEYfWsGbEyr6Vgp4WfjFyKTXpump_147.webp",
      "current_price_usd": 0.007123568645442569,
      "price_change_24h": 10.49,
      "tx_volume_u_24h": 1907457.300755,
      "holders": 2973,
      "market_cap": "7123568.645442569000000000",
      "fdv": "7123568.645442569000000000",
      "risk_score": "0"
    },
    {
      "token": "0xedf5ad8950b6f206697a049c4e2bd00289888888",
      "chain": "bsc",
      "symbol": "WSC",
      "name": "WSC",
      "logo_url": "https://www.iconaves.com/token_icon_request/681dbc7cd6808b54c26ac176_1746779260.png",
      "current_price_usd": 0.00032157483250941745,
      "price_change_24h": -5.17,
      "tx_volume_u_24h": 1081985.47771,
      "holders": 35947,
      "market_cap": "321574832.509095875167490582550",
      "fdv": "321574832.50941745000000000000",
      "risk_score": "20"
    },
    {
      "token": "0xfbf1388408670c02f0dbbb74251d8ded1d63b7a2",
      "chain": "bsc",
      "symbol": "BATB",
      "name": "BATB",
      "logo_url": "https://www.iconaves.com/token_icon_request/681ed10c2baf022d9c9b9ddf_1746850060.png",
      "current_price_usd": 2.6215083562331847,
      "price_change_24h": -5.13,
      "tx_volume_u_24h": 577596.613642,
      "holders": 9868,
      "market_cap": "1803597749.0884310736000000",
      "fdv": "1803597749.0884310736000000",
      "risk_score": "55"
    },
    {
      "token": "6bdTRHhdZenJQYLTxaYc8kH74GBNP9DoGhPnCjfypump",
      "chain": "solana",
      "symbol": "fog",
      "name": "fog",
      "logo_url": "https://www.iconaves.com/ipfs/pump/6bdTRHhdZenJQYLTxaYc8kH74GBNP9DoGhPnCjfypump_147.webp",
      "current_price_usd": 0.0009064067787198611,
      "price_change_24h": 229.24,
      "tx_volume_u_24h": 812443.174435,
      "holders": 4263,
      "market_cap": "906406.7787198611000000000",
      "fdv": "906406.7787198611000000000",
      "risk_score": "0"
    },
    {
      "token": "0x56559bc5ead43f42326d82f7e32a4a7ef76482e1",
      "chain": "bsc",
      "symbol": "MECO",
      "name": "MECO",
      "logo_url": "https://www.iconaves.com/token_icon_request/6823515962b6077ed2e11ded_1747145049.png",
      "current_price_usd": 0.000772086072887058,
      "price_change_24h": 79.46,
      "tx_volume_u_24h": 2017827.944379,
      "holders": 1389,
      "market_cap": "563622.8332075523400000000",
      "fdv": "772086.072887058000000000",
      "risk_score": "40"
    },
    {
      "token": "0xf816507e690f5aa4e29d164885eb5fa7a5627860",
      "chain": "eth",
      "symbol": "RATO",
      "name": "RATO",
      "logo_url": "https://www.iconaves.com/token_icon/eth/0xf816507e690f5aa4e29d164885eb5fa7a5627860.png",
      "current_price_usd": 0.000053048200772365426,
      "price_change_24h": 82.54,
      "tx_volume_u_24h": 11895991.744828,
      "holders": 7298,
      "market_cap": "22316847.582926411063940000000",
      "fdv": "22316847.582926411063940000000",
      "risk_score": "55"
    },
    {
      "token": "DvjbEsdca43oQcw2h3HW1CT7N3x5vRcr3QrvTUHnXvgV",
      "chain": "solana",
      "symbol": "DOOD",
      "name": "DOOD",
      "logo_url": "https://www.iconaves.com/token_icon_solana/solana/DvjbEsdca43oQcw2h3HW1CT7N3x5vRcr3QrvTUHnXvgV.png",
      "current_price_usd": 0.005638527714285714,
      "price_change_24h": -6.21,
      "tx_volume_u_24h": 631314.544274,
      "holders": 152754,
      "market_cap": "56385277.142857140000000000",
      "fdv": "56385277.142857140000000000",
      "risk_score": "55"
    },
    {
      "token": "0xf35c6498192ba79b26dcc1a94bf8631a88888888",
      "chain": "bsc",
      "symbol": "CSM",
      "name": "CSM",
      "logo_url": "https://www.iconaves.com/token_icon/bsc/0xF35C6498192ba79b26DCC1a94Bf8631a88888888.gif",
      "current_price_usd": 106.79658913082926,
      "price_change_24h": -0.02,
      "tx_volume_u_24h": 1311033.932344,
      "holders": 17621,
      "market_cap": "16019595.16621351982926",
      "fdv": "16019595.16621351982926",
      "risk_score": "20"
    },
    {
      "token": "0xd7b97179907a165fa3de7f6b835d233a91016777",
      "chain": "bsc",
      "symbol": "ZZ",
      "name": "ZZ",
      "logo_url": "https://www.iconaves.com/token_icon_request/681b7ef3ab69f8ddd3f4b2a2_1746632435.png",
      "current_price_usd": 0.0999198505283991,
      "price_change_24h": -23.03,
      "tx_volume_u_24h": 127068.961331,
      "holders": 2648,
      "market_cap": "782422.3453674150965926158011823",
      "fdv": "782422.3453674150965926158011823",
      "risk_score": "20"
    },
    {
      "token": "J3NrhzUeKBSA3tJQjNq77zqpWJNz3FS9TrX7H7SLKcom",
      "chain": "solana",
      "symbol": "COM",
      "name": "COM",
      "logo_url": "",
      "current_price_usd": 0.004989870351725575,
      "price_change_24h": 21.79,
      "tx_volume_u_24h": 971037.637448,
      "holders": 1096,
      "market_cap": "4989870.351725575000000000",
      "fdv": "4989870.351725575000000000",
      "risk_score": "40"
    },
    {
      "token": "0xcf640fdf9b3d9e45cbd69fda91d7e22579c14444",
      "chain": "bsc",
      "symbol": "gorilla",
      "name": "gorilla",
      "logo_url": "https://www.iconaves.com/token_icon_request/681accc2384a9851ff3fcc92_1746586818.png",
      "current_price_usd": 0.001680287526134345,
      "price_change_24h": -8.16,
      "tx_volume_u_24h": 1657987.673448,
      "holders": 4793,
      "market_cap": "1680287.5261343450000000000000000000",
      "fdv": "1680287.5261343450000000000000000000",
      "risk_score": "40"
    },
    {
      "token": "G1jydhghPMLBXRFPR3wyJ9HbpKPR3Rv7M8Yakfo5pump",
      "chain": "solana",
      "symbol": "stickman",
      "name": "stickman",
      "logo_url": "https://www.iconaves.com/ipfs/pump/G1jydhghPMLBXRFPR3wyJ9HbpKPR3Rv7M8Yakfo5pump_147.webp",
      "current_price_usd": 0.0005477943653194916,
      "price_change_24h": 10.9,
      "tx_volume_u_24h": 922558.100787,
      "holders": 4457,
      "market_cap": "547794.3653194916000000000",
      "fdv": "547794.3653194916000000000",
      "risk_score": "0"
    },
    {
      "token": "0xc950e3cf17c6831ad8214527656aa64cc7777777",
      "chain": "bsc",
      "symbol": "$POP",
      "name": "$POP",
      "logo_url": "https://www.iconaves.com/token_icon_request/681db7b72ef8eca2f0e63f85_1746778040.png",
      "current_price_usd": 0.00014553310035303916,
      "price_change_24h": 20.17,
      "tx_volume_u_24h": 68033.26950357744,
      "holders": 2846,
      "market_cap": "1018731.702471274120000000000",
      "fdv": "1455331.00353039160000000000",
      "risk_score": "55"
    },
    {
      "token": "9j6twpYWrV1ueJok76D9YK8wJTVoG9Zy8spC7wnTpump",
      "chain": "solana",
      "symbol": "urmom ",
      "name": "urmom ",
      "logo_url": "https://www.iconaves.com/ipfs/pump/9j6twpYWrV1ueJok76D9YK8wJTVoG9Zy8spC7wnTpump_147_20250505011853.webp",
      "current_price_usd": 0.003116081716133885,
      "price_change_24h": 142.31,
      "tx_volume_u_24h": 4510168.683088,
      "holders": 5928,
      "market_cap": "3116081.716133885000000000",
      "fdv": "3116081.716133885000000000",
      "risk_score": "0"
    },
    {
      "token": "0xa04132e9442addee64354f47fc97e42fa3949f36",
      "chain": "bsc",
      "symbol": "JK",
      "name": "JK",
      "logo_url": "https://www.iconaves.com/token_icon_request/6819bd3a7fbc3a642c55b30a_1746517306.png",
      "current_price_usd": 2.1234463272796518,
      "price_change_24h": 5.36,
      "tx_volume_u_24h": 70492.839888,
      "holders": 9704,
      "market_cap": "421246.4687163339390207456526188",
      "fdv": "633591.1014442991190207456526188",
      "risk_score": "20"
    },
    {
      "token": "83mCRQJzvKMeQd9wJbZDUCTPgRbZMDoPdMSx5Sf1pump",
      "chain": "solana",
      "symbol": "LLJEFFY",
      "name": "LLJEFFY",
      "logo_url": "https://www.iconaves.com/ipfs/pump/83mCRQJzvKMeQd9wJbZDUCTPgRbZMDoPdMSx5Sf1pump_147.webp",
      "current_price_usd": 0.01604708240509612,
      "price_change_24h": 7.63,
      "tx_volume_u_24h": 3700814.007324,
      "holders": 4149,
      "market_cap": "2004156.26469125055846163878516",
      "fdv": "2004156.26469125055846163878516",
      "risk_score": "0"
    },
    {
      "token": "0x0550d58794d94de810257a6356eb65ee51450a27",
      "chain": "bsc",
      "symbol": "AIX",
      "name": "AIX",
      "logo_url": "https://www.iconaves.com/token_icon_request/68174f7f189030b6c931d994_1746358143.png",
      "current_price_usd": 1.743574108199434,
      "price_change_24h": 1.65,
      "tx_volume_u_24h": 124683.996511,
      "holders": 10772,
      "market_cap": "140599099.45578019712540290450268338",
      "fdv": "173727007.51156944312540290450268338",
      "risk_score": "20"
    },
    {
      "token": "JmMRbLcKgNCu17yHZDAn4strE5NjmWJ4pCeJ7s7boop",
      "chain": "solana",
      "symbol": "Boopa",
      "name": "Boopa",
      "logo_url": "https://www.iconaves.com/token_icon/solana/JmMRbLcKgNCu17yHZDAn4strE5NjmWJ4pCeJ7s7boop.png",
      "current_price_usd": 0.002995674568214822,
      "price_change_24h": -9.73,
      "tx_volume_u_24h": 901412.78827,
      "holders": 10222,
      "market_cap": "2976965.33659290543752052007780396",
      "fdv": "2976965.33659290543752052007780396",
      "risk_score": "40"
    },
    {
      "token": "Ai3eKAWjzKMV8wRwd41nVP83yqfbAVJykhvJVPxspump",
      "chain": "solana",
      "symbol": "moonpig",
      "name": "moonpig",
      "logo_url": "https://www.iconaves.com/ipfs/pump/Ai3eKAWjzKMV8wRwd41nVP83yqfbAVJykhvJVPxspump_147.webp",
      "current_price_usd": 0.027624317438669048,
      "price_change_24h": 0.06,
      "tx_volume_u_24h": 10036689.987345,
      "holders": 5441,
      "market_cap": "27622419.119080360117489564957488",
      "fdv": "27622419.119080360117489564957488",
      "risk_score": "0"
    },
    {
      "token": "38PgzpJYu2HkiYvV8qePFakB8tuobPdGm2FFEn7Dpump",
      "chain": "solana",
      "symbol": "gork",
      "name": "gork",
      "logo_url": "https://www.iconaves.com/ipfs/pump/38PgzpJYu2HkiYvV8qePFakB8tuobPdGm2FFEn7Dpump_147.webp",
      "current_price_usd": 0.02653375807598336,
      "price_change_24h": -17.79,
      "tx_volume_u_24h": 7521761.112228,
      "holders": 20020,
      "market_cap": "26533393.29186731016894932003328",
      "fdv": "26533393.29186731016894932003328",
      "risk_score": "0"
    },
    {
      "token": "9Wkcek2EZFmJf5L2XmC5rfnNVBrdndbMe6yW8fbfbonk",
      "chain": "solana",
      "symbol": "CHACHA",
      "name": "CHACHA",
      "logo_url": "https://www.iconaves.com/ipfs/bonk/9Wkcek2EZFmJf5L2XmC5rfnNVBrdndbMe6yW8fbfbonk_147_20250430141249.webp",
      "current_price_usd": 0.0012134265283347235,
      "price_change_24h": 19.02,
      "tx_volume_u_24h": 1043334.435941,
      "holders": 2162,
      "market_cap": "1213405.4277087392997375684681340",
      "fdv": "1213405.4277087392997375684681340",
      "risk_score": "40"
    },
    {
      "token": "0xe778fd9a8d074e4a808092896b33fe3d3452c125",
      "chain": "eth",
      "symbol": "FROGGER",
      "name": "FROGGER",
      "logo_url": "https://www.iconaves.com/token_icon_request/6821c4b7079143522ebc1a8c_1747043513.png",
      "current_price_usd": 0.0034219770024728436,
      "price_change_24h": -18.45,
      "tx_volume_u_24h": 1518294.280067,
      "holders": 1467,
      "market_cap": "3421977.0024728436000000000",
      "fdv": "3421977.0024728436000000000",
      "risk_score": "40"
    },
    {
      "token": "8hhRHZkoCwLojdSthxu3Ho5K2j4BZHnSZ93HZjd4Mxo6",
      "chain": "solana",
      "symbol": "LFG",
      "name": "LFG",
      "logo_url": "",
      "current_price_usd": 0.0003583944517336248,
      "price_change_24h": -18.22,
      "tx_volume_u_24h": 19005596.136392,
      "holders": 14470,
      "market_cap": "358394.4477020585146487170352928",
      "fdv": "358394.4477020585146487170352928",
      "risk_score": "55"
    },
    {
      "token": "EecSMXvvhszENGs7SAWMejLgBHBAhCvkMDWY88JR7hog",
      "chain": "solana",
      "symbol": "BANNED",
      "name": "BANNED",
      "logo_url": "",
      "current_price_usd": 0.0012962902330799014,
      "price_change_24h": -0.5,
      "tx_volume_u_24h": 3132337.781579,
      "holders": 1020,
      "market_cap": "1296223.2930102099094699511808118442",
      "fdv": "1296223.2930102099094699511808118442",
      "risk_score": "55"
    },
    {
      "token": "0xa49fa5e8106e2d6d6a69e78df9b6a20aab9c4444",
      "chain": "bsc",
      "symbol": "DONKEY",
      "name": "DONKEY",
      "logo_url": "https://www.iconaves.com/token_icon_request/6813859f8ef8acd0fd1f4ed6_1746109856.png",
      "current_price_usd": 0.00249693212136416,
      "price_change_24h": 5.17,
      "tx_volume_u_24h": 1275700.614361,
      "holders": 9041,
      "market_cap": "2496931.804253780586751680000000000",
      "fdv": "2496931.804253780586751680000000000",
      "risk_score": "40"
    },
    {
      "token": "4WuBU65HXdHAg2eFxKvpU2WTAxV2R3eyRyUeNkHwEbba",
      "chain": "solana",
      "symbol": "INFLT",
      "name": "INFLT",
      "logo_url": "",
      "current_price_usd": 0.0006843155384448231,
      "price_change_24h": 19.78,
      "tx_volume_u_24h": 6358568.867968,
      "holders": 1079,
      "market_cap": "684286.8873861306408840345665123655",
      "fdv": "684286.8873861306408840345665123655",
      "risk_score": "55"
    },
    {
      "token": "CMkj12qHC9RjAUs1MED38Bt7gfyP3TbEpa1mcBno3RUY",
      "chain": "solana",
      "symbol": "AURA",
      "name": "AURA",
      "logo_url": "",
      "current_price_usd": 0.0035388365472122847,
      "price_change_24h": 21.05,
      "tx_volume_u_24h": 5329883.866741,
      "holders": 1152,
      "market_cap": "3538821.7740332450201483369995657818",
      "fdv": "3538821.7740332450201483369995657818",
      "risk_score": "55"
    },
    {
      "token": "5241BVJpTDscdFM5bTmeuchBcjXN5sasBywyF7onkJZP",
      "chain": "solana",
      "symbol": "PUFF",
      "name": "PUFF",
      "logo_url": "https://www.iconaves.com/ipfs/pump/5241BVJpTDscdFM5bTmeuchBcjXN5sasBywyF7onkJZP.png",
      "current_price_usd": 0.00793913935730461,
      "price_change_24h": -13.04,
      "tx_volume_u_24h": 627458.528647,
      "holders": 2543,
      "market_cap": "7939131.55499849484271885481314",
      "fdv": "7939131.55499849484271885481314",
      "risk_score": "40"
    },
    {
      "token": "HohL7oPEpzekWsWiDSa1ewohT92QZyumWnUqiUQKq6SK",
      "chain": "solana",
      "symbol": "MYKU",
      "name": "MYKU",
      "logo_url": "https://www.iconaves.com/token_icon/solana/HohL7oPEpzekWsWiDSa1ewohT92QZyumWnUqiUQKq6SK.png",
      "current_price_usd": 0.0010913795318526604,
      "price_change_24h": 1.2,
      "tx_volume_u_24h": 693210.924791,
      "holders": 1210,
      "market_cap": "1091368.5636843527647632726817040812",
      "fdv": "1091368.5636843527647632726817040812",
      "risk_score": "55"
    },
    {
      "token": "GkeUTuaFB4oZADaqiCo3yauHNx9SxUNn8euHptEEbonk",
      "chain": "solana",
      "symbol": "Grassito",
      "name": "Grassito",
      "logo_url": "https://www.iconaves.com/ipfs/bonk/GkeUTuaFB4oZADaqiCo3yauHNx9SxUNn8euHptEEbonk.png",
      "current_price_usd": 0.000001281411981370635,
      "price_change_24h": 25.69,
      "tx_volume_u_24h": 684531.070507,
      "holders": 5394,
      "market_cap": "532300.976383872256319114971453755",
      "fdv": "532300.976383872256319114971453755",
      "risk_score": "40"
    },
    {
      "token": "0x74836cc0e821a6be18e407e6388e430b689c66e9",
      "chain": "bsc",
      "symbol": "Jager",
      "name": "Jager",
      "logo_url": "https://www.iconaves.com/token_icon_request/681232c9b790ea72025d4394_1746023114.png",
      "current_price_usd": 4.3137687592079326e-10,
      "price_change_24h": -29.96,
      "tx_volume_u_24h": 1301103.059997,
      "holders": 142217,
      "market_cap": "6154182.535750900353725152748424834520000000",
      "fdv": "6154182.535750900353725152748424834520000000",
      "risk_score": "20"
    },
    {
      "token": "Ce2gx9KGXJ6C9Mp5b5x1sn9Mg87JwEbrQby4Zqo3pump",
      "chain": "solana",
      "symbol": "neet",
      "name": "neet",
      "logo_url": "https://www.iconaves.com/ipfs/pump/Ce2gx9KGXJ6C9Mp5b5x1sn9Mg87JwEbrQby4Zqo3pump.png",
      "current_price_usd": 0.007302443970135971,
      "price_change_24h": -8.65,
      "tx_volume_u_24h": 4513620.64561,
      "holders": 6492,
      "market_cap": "7302224.479663469896713912694104",
      "fdv": "7302224.479663469896713912694104",
      "risk_score": "0"
    },
    {
      "token": "RhFVq1Zt81VvcoSEMSyCGZZv5SwBdA8MV7w4HEMpump",
      "chain": "solana",
      "symbol": "CFX",
      "name": "CFX",
      "logo_url": "https://www.iconaves.com/ipfs/pump/RhFVq1Zt81VvcoSEMSyCGZZv5SwBdA8MV7w4HEMpump.png",
      "current_price_usd": 0.0027219023781629523,
      "price_change_24h": 20.6,
      "tx_volume_u_24h": 2237046.990937,
      "holders": 2911,
      "market_cap": "2721789.5627315833360089206644935",
      "fdv": "2721789.5627315833360089206644935",
      "risk_score": "0"
    },
    {
      "token": "0xc680eca227fc9ab21a9210e0eafeff9068a89327",
      "chain": "base",
      "symbol": "KARTEL",
      "name": "KARTEL",
      "logo_url": "https://www.iconaves.com/token_icon_request/680dae643c686acfe096bdb1_1745727076.png",
      "current_price_usd": 0.00290466656741774,
      "price_change_24h": 162.24,
      "tx_volume_u_24h": 75542.802208,
      "holders": 156243,
      "market_cap": "290466.65674177400000000",
      "fdv": "290466.65674177400000000",
      "risk_score": "40"
    },
    {
      "token": "EeguLg7Zh6F86ZSJtcsDgsxUsA3t5Gci5Kr85AvkxA4B",
      "chain": "solana",
      "symbol": "",
      "name": "Unknown Token",
      "logo_url": "",
      "current_price_usd": 0.0024285007650695074,
      "price_change_24h": -18.15,
      "tx_volume_u_24h": 8407028.120654,
      "holders": 1359,
      "market_cap": "2428372.3771233276770544817574437402",
      "fdv": "2428372.3771233276770544817574437402",
      "risk_score": "55"
    },
    {
      "token": "A8bcY1eSenMiMy75vgSnp6ShMfWHRHjeM6JxfM1CNDL",
      "chain": "solana",
      "symbol": "CANDLE",
      "name": "CANDLE",
      "logo_url": "",
      "current_price_usd": 0.0012960982399848175,
      "price_change_24h": 2.17,
      "tx_volume_u_24h": 2181875.569043,
      "holders": 2451,
      "market_cap": "12960972.977405455864352131937450",
      "fdv": "12960972.977405455864352131937450",
      "risk_score": "55"
    },
    {
      "token": "GkyPYa7NnCFbduLknCfBfP7p8564X1VZhwZYJ6CZpump",
      "chain": "solana",
      "symbol": "CHILLHOUSE",
      "name": "CHILLHOUSE",
      "logo_url": "https://www.iconaves.com/ipfs/pump/GkyPYa7NnCFbduLknCfBfP7p8564X1VZhwZYJ6CZpump.png",
      "current_price_usd": 0.001120861424983973,
      "price_change_24h": -19.96,
      "tx_volume_u_24h": 1344699.863226,
      "holders": 3870,
      "market_cap": "1120795.118979419950276924799218",
      "fdv": "1120795.118979419950276924799218",
      "risk_score": "0"
    },
    {
      "token": "yFtG6tU4mZqiUnrBC4gF9eXTdWyzj7ZSKb92wv3bonk",
      "chain": "solana",
      "symbol": "JAIL",
      "name": "JAIL",
      "logo_url": "https://www.iconaves.com/ipfs/bonk/yFtG6tU4mZqiUnrBC4gF9eXTdWyzj7ZSKb92wv3bonk.png",
      "current_price_usd": 0.00040707089669558675,
      "price_change_24h": 19.14,
      "tx_volume_u_24h": 1250464.763113,
      "holders": 1250,
      "market_cap": "407026.11238656198859722042821550",
      "fdv": "407026.11238656198859722042821550",
      "risk_score": "40"
    },
    {
      "token": "9wK8yN6iz1ie5kEJkvZCTxyN1x5sTdNfx8yeMY8Ebonk",
      "chain": "solana",
      "symbol": "Hosico",
      "name": "Hosico",
      "logo_url": "https://www.iconaves.com/ipfs/bonk/9wK8yN6iz1ie5kEJkvZCTxyN1x5sTdNfx8yeMY8Ebonk.png",
      "current_price_usd": 0.025490030691355917,
      "price_change_24h": -27.95,
      "tx_volume_u_24h": 7287952.465012,
      "holders": 7165,
      "market_cap": "25489988.122080062552351056822659",
      "fdv": "25489988.122080062552351056822659",
      "risk_score": "40"
    },
    {
      "token": "CDBdbNqmrLu1PcgjrFG52yxg71QnFhBZcUE6PSFdbonk",
      "chain": "solana",
      "symbol": "LetsBONK",
      "name": "LetsBONK",
      "logo_url": "https://www.iconaves.com/ipfs/bonk/CDBdbNqmrLu1PcgjrFG52yxg71QnFhBZcUE6PSFdbonk.png",
      "current_price_usd": 0.06199041910390317,
      "price_change_24h": 12.37,
      "tx_volume_u_24h": 3730885.135291,
      "holders": 8807,
      "market_cap": "4277297.02286084774181734825577",
      "fdv": "4277297.02286084774181734825577",
      "risk_score": "40"
    },
    {
      "token": "0x6eee024f681156523d34ed48036b500cc6cee156",
      "chain": "bsc",
      "symbol": "BKB",
      "name": "BKB",
      "logo_url": "https://www.iconaves.com/token_icon_request/680c5a4a44cde6b3ea080b53_1745640010.png",
      "current_price_usd": 101.98681967190144,
      "price_change_24h": -1.45,
      "tx_volume_u_24h": 702791.666409,
      "holders": 23920,
      "market_cap": "4337043.53858773198043306391342720",
      "fdv": "4337043.53858773198043306391342720",
      "risk_score": "20"
    },
    {
      "token": "0x67d9c7daecc5b87c3e68ac89f33ee924fac88c05",
      "chain": "eth",
      "symbol": "MOOCOW",
      "name": "MOOCOW",
      "logo_url": "https://www.iconaves.com/token_icon_request/680fac92f6d7a391a751b063_1745857682.png",
      "current_price_usd": 9.552601725042325e-7,
      "price_change_24h": -22.98,
      "tx_volume_u_24h": 183413.65725,
      "holders": 1469,
      "market_cap": "401868.4019708055704250000000",
      "fdv": "401868.4019708055704250000000",
      "risk_score": "55"
    },
    {
      "token": "3qVpCnqdaJtARzE2dYuCy5pm8X2NgF5hx9q9GosPpump",
      "chain": "solana",
      "symbol": "DPCORE",
      "name": "DPCORE",
      "logo_url": "https://www.iconaves.com/ipfs/pump/3qVpCnqdaJtARzE2dYuCy5pm8X2NgF5hx9q9GosPpump.png",
      "current_price_usd": 0.005494968811419144,
      "price_change_24h": 40.57,
      "tx_volume_u_24h": 1003385.054592,
      "holders": 4370,
      "market_cap": "5494954.257409675689331913203848",
      "fdv": "5494954.257409675689331913203848",
      "risk_score": "0"
    },
    {
      "token": "C29ebrgYjYoJPMGPnPSGY1q3mMGk4iDSqnQeQQA7moon",
      "chain": "solana",
      "symbol": "NOBODY",
      "name": "NOBODY",
      "logo_url": "https://www.iconaves.com/token_icon_solana/solana/C29ebrgYjYoJPMGPnPSGY1q3mMGk4iDSqnQeQQA7moon.png",
      "current_price_usd": 0.015513064198275795,
      "price_change_24h": 64.28,
      "tx_volume_u_24h": 1554065.462746,
      "holders": 5226,
      "market_cap": "14614229.993913100421436218579609880",
      "fdv": "14614229.993913100421436218579609880",
      "risk_score": "40"
    },
    {
      "token": "0x42fe1937e1db4f11509e9f7fdd97048bd8d04444",
      "chain": "bsc",
      "symbol": "DON",
      "name": "DON",
      "logo_url": "https://www.iconaves.com/token_icon_request/680b19b46387e8b036d9295b_1745557940.png",
      "current_price_usd": 0.002033009766273479,
      "price_change_24h": -8.35,
      "tx_volume_u_24h": 1093522.054796,
      "holders": 8430,
      "market_cap": "2033007.7332637127265210000000000000",
      "fdv": "2033007.7332637127265210000000000000",
      "risk_score": "40"
    },
    {
      "token": "8ncucXv6U6epZKHPbgaEBcEK399TpHGKCquSt4RnmX4f",
      "chain": "solana",
      "symbol": "TRENCHER",
      "name": "TRENCHER",
      "logo_url": "https://www.iconaves.com/ipfs/pump/8ncucXv6U6epZKHPbgaEBcEK399TpHGKCquSt4RnmX4f_20250424152152.png",
      "current_price_usd": 0.002045683241628752,
      "price_change_24h": 12.47,
      "tx_volume_u_24h": 2025527.782095,
      "holders": 7339,
      "market_cap": "2045442.482843119571016318465744",
      "fdv": "2045442.482843119571016318465744",
      "risk_score": "40"
    },
    {
      "token": "JosjEXh69RckgSs2AWsN1xN8zmiSHxBuJjHLURJnHhg",
      "chain": "solana",
      "symbol": "JOS",
      "name": "JOS",
      "logo_url": "",
      "current_price_usd": 0.010378322173784735,
      "price_change_24h": -6.36,
      "tx_volume_u_24h": 1015328.394608,
      "holders": 4578,
      "market_cap": "10378260.322908840801653057782935",
      "fdv": "10378260.322908840801653057782935",
      "risk_score": "40"
    },
    {
      "token": "0x4abf6c7148b02a47df39da1987c4a1d6b8062e81",
      "chain": "bsc",
      "symbol": "WBIO",
      "name": "WBIO",
      "logo_url": "https://www.iconaves.com/token_icon_request/681223e9b790ea72025d4393_1746019305.png",
      "current_price_usd": 13.753428686858824,
      "price_change_24h": 1.72,
      "tx_volume_u_24h": 96835.377974,
      "holders": 1609,
      "market_cap": "137534286.8685882400000000000000000",
      "fdv": "137534286.8685882400000000000000000",
      "risk_score": "40"
    },
    {
      "token": "Fc7tEqyfHPoWQXdiAqx62d7WeuH7Zq1DHwa2ihDpump",
      "chain": "solana",
      "symbol": "CODE",
      "name": "CODE",
      "logo_url": "https://www.iconaves.com/ipfs/pump/Fc7tEqyfHPoWQXdiAqx62d7WeuH7Zq1DHwa2ihDpump.png",
      "current_price_usd": 0.0005855336889069498,
      "price_change_24h": -4.09,
      "tx_volume_u_24h": 626816.716948,
      "holders": 1150,
      "market_cap": "585530.4567789131475229902681270",
      "fdv": "585530.4567789131475229902681270",
      "risk_score": "0"
    },
    {
      "token": "0x92aa03137385f18539301349dcfc9ebc923ffb10",
      "chain": "bsc",
      "symbol": "SKYAI",
      "name": "SKYAI",
      "logo_url": "https://www.iconaves.com/token_icon_request/6805c068281fe5fc3af0ae0b_1745207400.png",
      "current_price_usd": 0.07174624000047683,
      "price_change_24h": 12.64,
      "tx_volume_u_24h": 395974680.83428,
      "holders": 48881,
      "market_cap": "71746240.000476830000000000000000000",
      "fdv": "71746240.000476830000000000000000000",
      "risk_score": "40"
    },
    {
      "token": "0xe8a9bf6313950544501db41d498ea6d6dc90b305",
      "chain": "bsc",
      "symbol": "SSTZ",
      "name": "SSTZ",
      "logo_url": "https://www.iconaves.com/token_icon_request/68047fd06f0dd46a9a82f96b_1745125328.png",
      "current_price_usd": 0.0023331967551332693,
      "price_change_24h": 9.96,
      "tx_volume_u_24h": 64406.866936,
      "holders": 10753,
      "market_cap": "1028058.81281704559603481528231804",
      "fdv": "3636572.78505604067343481528231804",
      "risk_score": "20"
    },
    {
      "token": "0x87b756a58a29b9d320c9987e88b4410c9c01633c",
      "chain": "bsc",
      "symbol": "ORA",
      "name": "ORA",
      "logo_url": "https://www.iconaves.com/token_icon_request/68050ccdd3632abd9a597686_1745161421.png",
      "current_price_usd": 0.002839255233474011,
      "price_change_24h": -18.14,
      "tx_volume_u_24h": 303865.710938,
      "holders": 9266,
      "market_cap": "1002029.9569971440511011630325277200",
      "fdv": "1002029.9569971440511011630325277200",
      "risk_score": "20"
    },
    {
      "token": "0xd769d56f479e9e72a77bb1523e866a33098feec5",
      "chain": "base",
      "symbol": "Base is for everyone",
      "name": "Base is for everyone",
      "logo_url": "https://www.iconaves.com/token_icon/base/0xd769d56f479e9e72a77bb1523e866a33098feec5.png",
      "current_price_usd": 0.010353959811425735,
      "price_change_24h": -14.71,
      "tx_volume_u_24h": 2018829.285439,
      "holders": 25173,
      "market_cap": "10353959.811425735000000000",
      "fdv": "10353959.811425735000000000",
      "risk_score": "40"
    },
    {
      "token": "JDzPbXboQYWVmdxXS3LbvjM52RtsV1QaSv2AzoCiai2o",
      "chain": "solana",
      "symbol": "FO",
      "name": "FO",
      "logo_url": "https://www.iconaves.com/token_icon_solana/solana/JDzPbXboQYWVmdxXS3LbvjM52RtsV1QaSv2AzoCiai2o.png",
      "current_price_usd": 0.7258494880546075,
      "price_change_24h": 0.01,
      "tx_volume_u_24h": 2705823.5783,
      "holders": 142144,
      "market_cap": "724637271.320902655150768483375",
      "fdv": "724637271.320902655150768483375",
      "risk_score": "55"
    },
    {
      "token": "0x0bc7ac7d9f591fb139bdee2ec908af59cce5f2a0",
      "chain": "polygon",
      "symbol": "BTTP",
      "name": "BTTP",
      "logo_url": "https://www.iconaves.com/token_icon_request/67f4b089813ccbfc5fe8252c_1744089225.png",
      "current_price_usd": 4.297514469891227,
      "price_change_24h": 4.23,
      "tx_volume_u_24h": 194272.116683,
      "holders": 44427,
      "market_cap": "92722063.1797928068555089440517836",
      "fdv": "92722063.1797928068555089440517836",
      "risk_score": "20"
    },
    {
      "token": "0xc1832218d578f7ec1ebbe0ab71ca07e9304d5139",
      "chain": "polygon",
      "symbol": "POK",
      "name": "POK",
      "logo_url": "https://www.iconaves.com/token_icon_request/67f499b9d49c5149666c70bd_1744083386.png",
      "current_price_usd": 0.003609762828644724,
      "price_change_24h": 19.09,
      "tx_volume_u_24h": 488240.063894,
      "holders": 24570,
      "market_cap": "25795711.3745728703166503448338256",
      "fdv": "25795711.3745728703166503448338256",
      "risk_score": "20"
    },
    {
      "token": "0x404853ac2976cbe92bd0d3d73d2e9c703d09f623",
      "chain": "arbitrum",
      "symbol": "BUFF",
      "name": "BUFF",
      "logo_url": "https://www.iconaves.com/token_icon_request/67e4f612a6713fb646d683de_1743058450.png",
      "current_price_usd": 0.0017310057304096584,
      "price_change_24h": 16.28,
      "tx_volume_u_24h": 233141.810168,
      "holders": 77792,
      "market_cap": "22503074.4953255592000000000",
      "fdv": "22503074.4953255592000000000",
      "risk_score": "20"
    },
    {
      "token": "0x59264f02d301281f3393e1385c0aefd446eb0f00",
      "chain": "base",
      "symbol": "PARTI",
      "name": "PARTI",
      "logo_url": "https://www.iconaves.com/token_icon/base/0x59264f02d301281f3393e1385c0aefd446eb0f00.png",
      "current_price_usd": 0.3600080318355209,
      "price_change_24h": -8.32,
      "tx_volume_u_24h": 52400.04809581484,
      "holders": 9925,
      "market_cap": "189680038.0546518164117376416687",
      "fdv": "189680038.0546518164117376416687",
      "risk_score": "40"
    }
  ],
  "timestamp": 1747244889822
}