{
  "data": [
    {
      "token": "6p6xgHyF7AeE6TZkSmFsko444wqoP15icUSqi2jfGiPN",
      "chain": "solana",
      "symbol": "TRUMP",
      "name": "OFFICIAL TRUMP",
      "logo_url": "https://www.iconaves.com/token_icon/solana/6p6xgHyF7AeE6TZkSmFsko444wqoP15icUSqi2jfGiPN_1737366143.png",
      "current_price_usd": 13.164626676197388,
      "price_change_24h": -2.17,
      "tx_volume_u_24h": 157281360.092779,
      "holders": 640106,
      "market_cap": "2632917364.845888575171951079636",
      "fdv": "13164619023.913837978805634711636",
      "risk_score": "55"
    },
    {
      "token": "8yxD7uSEyEKpJqaSiunworBFzirAsRXKNjD2X1mdbonk",
      "chain": "solana",
      "symbol": "Glonk",
      "name": "Glonk",
      "logo_url": "https://www.iconaves.com/ipfs/bonk/8yxD7uSEyEKpJqaSiunworBFzirAsRXKNjD2X1mdbonk_147_20250513230238.webp",
      "current_price_usd": 0.004682440855460939,
      "price_change_24h": 6924.01,
      "tx_volume_u_24h": 81650883.277374,
      "holders": 8823,
      "market_cap": "4682440.855460939000000000",
      "fdv": "4682440.855460939000000000",
      "risk_score": "0"
    },
    {
      "token": "Ey59PH7Z4BFU4HjyKnyMdWt5GGN76KazTAwQihoUXRnk",
      "chain": "solana",
      "symbol": "LAUNCHCOIN",
      "name": "LAUNCHCOIN",
      "logo_url": "https://www.iconaves.com/token_icon/solana/Ey59PH7Z4BFU4HjyKnyMdWt5GGN76KazTAwQihoUXRnk.png",
      "current_price_usd": 0.18549724975510137,
      "price_change_24h": 15.16,
      "tx_volume_u_24h": 59298639.089906,
      "holders": 27117,
      "market_cap": "185473963.10937883846727478076601847",
      "fdv": "185473963.10937883846727478076601847",
      "risk_score": "55"
    },
    {
      "token": "GUM5Vd4qe5kgTBHNfmLRaZSKKmYdAWxLJ18DY1Uzpump",
      "chain": "solana",
      "symbol": "Glonk",
      "name": "Glonk",
      "logo_url": "https://www.iconaves.com/ipfs/pump/GUM5Vd4qe5kgTBHNfmLRaZSKKmYdAWxLJ18DY1Uzpump_147.webp",
      "current_price_usd": 0.0007812435701919521,
      "price_change_24h": 925.15,
      "tx_volume_u_24h": 54462952.100178,
      "holders": 4132,
      "market_cap": "781243.5701919521000000000",
      "fdv": "781243.5701919521000000000",
      "risk_score": "0"
    },
    {
      "token": "4PYijC1Xas63cxdoYnUg7SQgcg23UgNNcPmvbj6KNUSz",
      "chain": "solana",
      "symbol": "BSCREENER",
      "name": "BSCREENER",
      "logo_url": "https://www.iconaves.com/token_icon/solana/4PYijC1Xas63cxdoYnUg7SQgcg23UgNNcPmvbj6KNUSz.png",
      "current_price_usd": 0.004669461071534674,
      "price_change_24h": 5417.65,
      "tx_volume_u_24h": 53312765.000868,
      "holders": 5253,
      "market_cap": "4669461.071534674000000000",
      "fdv": "4669461.071534674000000000",
      "risk_score": "55"
    },
    {
      "token": "7RhcnEJ4Nz5BNkUg5V5vWZaGGiFgnTjEPvLFYLGfbonk",
      "chain": "solana",
      "symbol": "DOOM",
      "name": "DOOM",
      "logo_url": "https://www.iconaves.com/ipfs/bonk/7RhcnEJ4Nz5BNkUg5V5vWZaGGiFgnTjEPvLFYLGfbonk_147_20250513181424.webp",
      "current_price_usd": 0.0005460704035764499,
      "price_change_24h": 602.25,
      "tx_volume_u_24h": 37401507.599547,
      "holders": 2942,
      "market_cap": "546070.4035764499000000000",
      "fdv": "546070.4035764499000000000",
      "risk_score": "0"
    },
    {
      "token": "6KTBGK2qcywE8ZDa5vSoiELETyMFM28pRFEi6DQRhYXx",
      "chain": "solana",
      "symbol": "LifeDiary",
      "name": "LifeDiary",
      "logo_url": "",
      "current_price_usd": 0.002888309797594333,
      "price_change_24h": 590.33,
      "tx_volume_u_24h": 31990857.921579,
      "holders": 1332,
      "market_cap": "2888309.797594333000000000",
      "fdv": "2888309.797594333000000000",
      "risk_score": "55"
    },
    {
      "token": "ENfpbQUM5xAnNP8ecyEQGFJ6KwbuPjMwv7ZjR29cDuAb",
      "chain": "solana",
      "symbol": "GOONC",
      "name": "GOONC",
      "logo_url": "https://www.iconaves.com/token_icon_solana/solana/ENfpbQUM5xAnNP8ecyEQGFJ6KwbuPjMwv7ZjR29cDuAb.png",
      "current_price_usd": 0.034291214631940334,
      "price_change_24h": -32,
      "tx_volume_u_24h": 26406325.538831,
      "holders": 7639,
      "market_cap": "34291214.631940334000000000",
      "fdv": "34291214.631940334000000000",
      "risk_score": "55"
    },
    {
      "token": "EngCPwywQUubsSbeXBrmFAKUupkAegttSCNDLwNDN5Q6",
      "chain": "solana",
      "symbol": "JD Socks",
      "name": "JD Socks",
      "logo_url": "",
      "current_price_usd": 0.0035106734343310596,
      "price_change_24h": -5.89,
      "tx_volume_u_24h": 25468111.680768,
      "holders": 5136,
      "market_cap": "3510673.4343310596000000000",
      "fdv": "3510673.4343310596000000000",
      "risk_score": "55"
    },
    {
      "token": "8V6pDEmXV3iKC3nVjDUeDqMPBrTq8y69EovCxTokyyFd",
      "chain": "solana",
      "symbol": "UBER",
      "name": "UBER",
      "logo_url": "",
      "current_price_usd": 0.009672373625403652,
      "price_change_24h": 12348.83,
      "tx_volume_u_24h": 25392398.968273,
      "holders": 4794,
      "market_cap": "9672373.625403652000000000",
      "fdv": "9672373.625403652000000000",
      "risk_score": "55"
    },
    {
      "token": "CGam4YseUdfGQA3r4EJKrkTQRtE1JUit9tyopaG85HZa",
      "chain": "solana",
      "symbol": "XCCOM",
      "name": "XCCOM",
      "logo_url": "",
      "current_price_usd": 0.0019693624679881245,
      "price_change_24h": 2494.14,
      "tx_volume_u_24h": 24577503.699773,
      "holders": 1695,
      "market_cap": "1969362.4679881245000000000",
      "fdv": "1969362.4679881245000000000",
      "risk_score": "55"
    },
    {
      "token": "6n47BmkY99wdF86GqxDWAH8YCXhmea58kYL85qS67L43",
      "chain": "solana",
      "symbol": "DAL",
      "name": "DAL",
      "logo_url": "",
      "current_price_usd": 0.6436024499918824,
      "price_change_24h": 1476.01,
      "tx_volume_u_24h": 24417408.928643,
      "holders": 6730,
      "market_cap": "13515651.4498295304000000",
      "fdv": "13515651.4498295304000000",
      "risk_score": "55"
    },
    {
      "token": "56AD3j9APXAvVNpkxrzQDZqFhxmGjHdPmvKNLEUarX8r",
      "chain": "solana",
      "symbol": "Leo XIV",
      "name": "Leo XIV",
      "logo_url": "",
      "current_price_usd": 0.0019142685318767993,
      "price_change_24h": 225.45,
      "tx_volume_u_24h": 22441129.654328,
      "holders": 2525,
      "market_cap": "1914268.5318767993000000000",
      "fdv": "1914268.5318767993000000000",
      "risk_score": "55"
    },
    {
      "token": "Htmmgay1BuXMJPY7ZTwtyMKQGkSvsoXdJSAtQ3Z4pafu",
      "chain": "solana",
      "symbol": "LORA",
      "name": "LORA",
      "logo_url": "",
      "current_price_usd": 0.0019460329496268614,
      "price_change_24h": 556.09,
      "tx_volume_u_24h": 21386124.033193,
      "holders": 2132,
      "market_cap": "0.0000000000000000000",
      "fdv": "0.0000000000000000000",
      "risk_score": "55"
    },
    {
      "token": "BN7G6LgfQqiyuVaYJAwgqXagKG394X9TqH5UY91DB9Zn",
      "chain": "solana",
      "symbol": "MCP",
      "name": "MCP",
      "logo_url": "",
      "current_price_usd": 0.0002721067244595298,
      "price_change_24h": -58.6,
      "tx_volume_u_24h": 21050462.55097,
      "holders": 5998,
      "market_cap": "272106.7244595298000000000",
      "fdv": "272106.7244595298000000000",
      "risk_score": "55"
    },
    {
      "token": "FtUEW73K6vEYHfbkfpdBZfWpxgQar2HipGdbutEhpump",
      "chain": "solana",
      "symbol": "titcoin",
      "name": "titcoin",
      "logo_url": "https://www.iconaves.com/ipfs/pump/FtUEW73K6vEYHfbkfpdBZfWpxgQar2HipGdbutEhpump.png",
      "current_price_usd": 0.04263306809333334,
      "price_change_24h": -39.47,
      "tx_volume_u_24h": 20881511.465744,
      "holders": 22629,
      "market_cap": "42611845.31437361628140355411054",
      "fdv": "42611845.31437361628140355411054",
      "risk_score": "40"
    },
    {
      "token": "7PmWiv3aAvo18DqH1na3Ejkqa3uudobSWGv4BMkCb4YN",
      "chain": "solana",
      "symbol": "LIFECOIN",
      "name": "LIFECOIN",
      "logo_url": "",
      "current_price_usd": 0.013230141932579532,
      "price_change_24h": 2444.33,
      "tx_volume_u_24h": 20588621.263842,
      "holders": 5158,
      "market_cap": "13230141.932579532000000000",
      "fdv": "13230141.932579532000000000",
      "risk_score": "55"
    },
    {
      "token": "ukHH6c7mMyiWCf1b9pnWe25TSpkDDt3H5pQZgZ74J82",
      "chain": "solana",
      "symbol": "BOME",
      "name": "BOME",
      "logo_url": "https://www.iconaves.com/token_icon_solana/solana/ukHH6c7mMyiWCf1b9pnWe25TSpkDDt3H5pQZgZ74J82.png",
      "current_price_usd": 0.0026996491947812785,
      "price_change_24h": -10.78,
      "tx_volume_u_24h": 19924825.0145,
      "holders": 87678,
      "market_cap": "186092421.2804804374508173441202580",
      "fdv": "186092421.2804804374508173441202580",
      "risk_score": "20"
    },
    {
      "token": "FeR8VBqNRSUD5NtXAj2n3j1dAHkZHfyDktKuLXD4pump",
      "chain": "solana",
      "symbol": "jellyjelly",
      "name": "jelly-my-jelly",
      "logo_url": "https://www.iconaves.com/token_icon_solana/solana/FeR8VBqNRSUD5NtXAj2n3j1dAHkZHfyDktKuLXD4pump.png",
      "current_price_usd": 0.036775584850563404,
      "price_change_24h": -26.93,
      "tx_volume_u_24h": 19690771.282317,
      "holders": 32542,
      "market_cap": "36774588.657873218013691673541828",
      "fdv": "36774588.657873218013691673541828",
      "risk_score": "40"
    },
    {
      "token": "DzN1qkcRdsxQRFb9yVvz73Fnu6SbD3f5oJgArVdx7Nzc",
      "chain": "solana",
      "symbol": "UNICORN",
      "name": "UNICORN",
      "logo_url": "",
      "current_price_usd": 0.004238876493125122,
      "price_change_24h": 5669.48,
      "tx_volume_u_24h": 19602101.959299,
      "holders": 3315,
      "market_cap": "4238876.493125122000000000",
      "fdv": "4238876.493125122000000000",
      "risk_score": "55"
    },
    {
      "token": "8hhRHZkoCwLojdSthxu3Ho5K2j4BZHnSZ93HZjd4Mxo6",
      "chain": "solana",
      "symbol": "LFG",
      "name": "LFG",
      "logo_url": "",
      "current_price_usd": 0.0003583944517336248,
      "price_change_24h": -18.22,
      "tx_volume_u_24h": 19005596.136392,
      "holders": 14470,
      "market_cap": "358394.4477020585146487170352928",
      "fdv": "358394.4477020585146487170352928",
      "risk_score": "55"
    },
    {
      "token": "ED5nyyWEzpPPiWimP8vYm7sD7TD3LAt3Q3gRTWHzPJBY",
      "chain": "solana",
      "symbol": "MOODENG",
      "name": "MOODENG",
      "logo_url": "https://www.iconaves.com/token_icon/solana/ED5nyyWEzpPPiWimP8vYm7sD7TD3LAt3Q3gRTWHzPJBY.png",
      "current_price_usd": 0.24502616286381262,
      "price_change_24h": -22.7,
      "tx_volume_u_24h": 17812900.391075,
      "holders": 73026,
      "market_cap": "242561511.14014570395960550745570",
      "fdv": "242561511.14014570395960550745570",
      "risk_score": "20"
    },
    {
      "token": "5hMJsZnGX7GEHxnQtFiwXbALUb9aV76A3LRqMBN6pump",
      "chain": "solana",
      "symbol": "APPLE",
      "name": "APPLE",
      "logo_url": "",
      "current_price_usd": 0.002611705252992387,
      "price_change_24h": 549.23,
      "tx_volume_u_24h": 17533074.777487,
      "holders": 3092,
      "market_cap": "2611705.252992387000000000",
      "fdv": "2611705.252992387000000000",
      "risk_score": "0"
    },
    {
      "token": "5GNffsi7zcKFYWF1U1PXYb8eGuheqmwydwcuajzUTM33",
      "chain": "solana",
      "symbol": "DASHCOIN",
      "name": "DASHCOIN",
      "logo_url": "",
      "current_price_usd": 0.000918201730481516,
      "price_change_24h": 895.48,
      "tx_volume_u_24h": 17516567.819108,
      "holders": 1566,
      "market_cap": "918201.730481516000000000",
      "fdv": "918201.730481516000000000",
      "risk_score": "55"
    },
    {
      "token": "AtortPA9SVbkKmdzu5zg4jxgkR4howvPshorA9jYbonk",
      "chain": "solana",
      "symbol": "IKUN",
      "name": "IKUN",
      "logo_url": "https://www.iconaves.com/ipfs/bonk/AtortPA9SVbkKmdzu5zg4jxgkR4howvPshorA9jYbonk_147_20250512062209.webp",
      "current_price_usd": 0.006197852754646628,
      "price_change_24h": 31.19,
      "tx_volume_u_24h": 16180580.034738,
      "holders": 6087,
      "market_cap": "6197852.754646628000000000",
      "fdv": "6197852.754646628000000000",
      "risk_score": "40"
    },
    {
      "token": "Dz9mQ9NzkBcCsuGPFJ3r1bS4wgqKMHBPiVuniW8Mbonk",
      "chain": "solana",
      "symbol": "USELESS",
      "name": "USELESS",
      "logo_url": "https://www.iconaves.com/ipfs/bonk/Dz9mQ9NzkBcCsuGPFJ3r1bS4wgqKMHBPiVuniW8Mbonk_147_20250510142329.webp",
      "current_price_usd": 0.020472642555233657,
      "price_change_24h": 20.18,
      "tx_volume_u_24h": 16139448.450555,
      "holders": 7280,
      "market_cap": "20472642.555233657000000000",
      "fdv": "20472642.555233657000000000",
      "risk_score": "40"
    },
    {
      "token": "H4SFaUnxrZRoFnhBeotZnuqw4mfVtJ2nCvGrPmQupump",
      "chain": "solana",
      "symbol": "HOTMOM",
      "name": "HOTMOM",
      "logo_url": "https://www.iconaves.com/ipfs/pump/H4SFaUnxrZRoFnhBeotZnuqw4mfVtJ2nCvGrPmQupump_147.webp",
      "current_price_usd": 0.10367168457703134,
      "price_change_24h": 52.06,
      "tx_volume_u_24h": 15337894.983048,
      "holders": 8609,
      "market_cap": "103671684.57703134000000000",
      "fdv": "103671684.57703134000000000",
      "risk_score": "0"
    },
    {
      "token": "GZQw4i7R55K3MzmnUJ1jnLgeeBuUGeH2aWHN7X7BEL2k",
      "chain": "solana",
      "symbol": "SMYTH",
      "name": "SMYTH",
      "logo_url": "",
      "current_price_usd": 0.0022886944959022936,
      "price_change_24h": -57.73,
      "tx_volume_u_24h": 14188203.577003,
      "holders": 3665,
      "market_cap": "2288694.4959022936000000000",
      "fdv": "2288694.4959022936000000000",
      "risk_score": "55"
    },
    {
      "token": "FqARKWzVxCApBH3wYhz2JvscDKCTyTwvmA6WXeEjbonk",
      "chain": "solana",
      "symbol": "CYB",
      "name": "CYB",
      "logo_url": "https://www.iconaves.com/ipfs/bonk/FqARKWzVxCApBH3wYhz2JvscDKCTyTwvmA6WXeEjbonk_147_20250514031147.webp",
      "current_price_usd": 0.0005469008183790753,
      "price_change_24h": 590.2,
      "tx_volume_u_24h": 13725777.739695,
      "holders": 1988,
      "market_cap": "546900.8183790753000000000",
      "fdv": "546900.8183790753000000000",
      "risk_score": "0"
    },
    {
      "token": "GvRf47WPg9uaYcyXEs5UxHL2D39P7yTByBDrQcyMk5wg",
      "chain": "solana",
      "symbol": "ZEUZ",
      "name": "ZEUZ",
      "logo_url": "",
      "current_price_usd": 0.0022020867840603277,
      "price_change_24h": 2657.64,
      "tx_volume_u_24h": 13348299.149428,
      "holders": 3723,
      "market_cap": "2202086.7840603277000000000",
      "fdv": "2202086.7840603277000000000",
      "risk_score": "55"
    },
    {
      "token": "7Gg6J1nkHLVV2TMqhVGHS1BrYycDmLoux9R3GSy2pump",
      "chain": "solana",
      "symbol": "CMD",
      "name": "CMD",
      "logo_url": "https://www.iconaves.com/ipfs/pump/7Gg6J1nkHLVV2TMqhVGHS1BrYycDmLoux9R3GSy2pump_147.webp",
      "current_price_usd": 0.011529357504179454,
      "price_change_24h": 14954.77,
      "tx_volume_u_24h": 12816896.827343,
      "holders": 1051,
      "market_cap": "11529357.504179454000000000",
      "fdv": "11529357.504179454000000000",
      "risk_score": "0"
    },
    {
      "token": "KMNo3nJsBXfcpJTVhZcXLW7RmTwTt4GVFE7suUBo9sS",
      "chain": "solana",
      "symbol": "KMNO",
      "name": "KMNO",
      "logo_url": "https://www.iconaves.com/token_icon_solana/solana/KMNo3nJsBXfcpJTVhZcXLW7RmTwTt4GVFE7suUBo9sS.png",
      "current_price_usd": 0.06647215608627,
      "price_change_24h": -6.94,
      "tx_volume_u_24h": 11433263.350463,
      "holders": 52210,
      "market_cap": "664720443.36008799568504394553",
      "fdv": "664720443.36008799568504394553",
      "risk_score": "55"
    },
    {
      "token": "FawYZeJw45H6tGD2Uf2omwNxDc63xXqufb3Spen7gHRT",
      "chain": "solana",
      "symbol": "MCW",
      "name": "MCW",
      "logo_url": "",
      "current_price_usd": 0.012031119158663173,
      "price_change_24h": 2495.3,
      "tx_volume_u_24h": 11319630.363979,
      "holders": 3196,
      "market_cap": "12031119.158663173000000000",
      "fdv": "12031119.158663173000000000",
      "risk_score": "55"
    },
    {
      "token": "Cr2mM4szbt8286XMn7iTpY5A8S17LbGAu1UyodkyEwn4",
      "chain": "solana",
      "symbol": "FITCOIN",
      "name": "FITCOIN",
      "logo_url": "",
      "current_price_usd": 0.004485206836066939,
      "price_change_24h": -52.66,
      "tx_volume_u_24h": 10849753.64474,
      "holders": 4370,
      "market_cap": "4485206.836066939000000000",
      "fdv": "4485206.836066939000000000",
      "risk_score": "55"
    },
    {
      "token": "7tPPYTBKrFLKKnoCwijrsfjAYadyp7GpAmSPUbVwbonk",
      "chain": "solana",
      "symbol": "Petunia",
      "name": "Petunia",
      "logo_url": "https://www.iconaves.com/ipfs/bonk/7tPPYTBKrFLKKnoCwijrsfjAYadyp7GpAmSPUbVwbonk_147_20250512011813.webp",
      "current_price_usd": 0.004655911019283772,
      "price_change_24h": 57.87,
      "tx_volume_u_24h": 10711942.568394,
      "holders": 3863,
      "market_cap": "4655911.019283772000000000",
      "fdv": "4655911.019283772000000000",
      "risk_score": "40"
    },
    {
      "token": "HeLp6NuQkmYB4pYWo2zYs22mESHXPQYzXbB8n4V98jwC",
      "chain": "solana",
      "symbol": "ai16z",
      "name": "ai16z",
      "logo_url": "https://www.iconaves.com/token_icon/solana/HeLp6NuQkmYB4pYWo2zYs22mESHXPQYzXbB8n4V98jwC.png",
      "current_price_usd": 0.34426949356435227,
      "price_change_24h": -8.99,
      "tx_volume_u_24h": 10323161.212389,
      "holders": 114129,
      "market_cap": "378695974.15406684755363402999074792",
      "fdv": "378695974.15406684755363402999074792",
      "risk_score": "55"
    },
    {
      "token": "DitHyRMQiSDhn5cnKMJV2CDDt6sVct96YrECiM49pump",
      "chain": "solana",
      "symbol": "House",
      "name": "House",
      "logo_url": "https://www.iconaves.com/ipfs/pump/DitHyRMQiSDhn5cnKMJV2CDDt6sVct96YrECiM49pump.png",
      "current_price_usd": 0.03650606554415709,
      "price_change_24h": -14.71,
      "tx_volume_u_24h": 10120813.70947,
      "holders": 22418,
      "market_cap": "36460797.39676921446088766377794",
      "fdv": "36460797.39676921446088766377794",
      "risk_score": "40"
    },
    {
      "token": "Ai3eKAWjzKMV8wRwd41nVP83yqfbAVJykhvJVPxspump",
      "chain": "solana",
      "symbol": "moonpig",
      "name": "moonpig",
      "logo_url": "https://www.iconaves.com/ipfs/pump/Ai3eKAWjzKMV8wRwd41nVP83yqfbAVJykhvJVPxspump_147.webp",
      "current_price_usd": 0.027624317438669048,
      "price_change_24h": 0.06,
      "tx_volume_u_24h": 10036689.987345,
      "holders": 5441,
      "market_cap": "27622419.119080360117489564957488",
      "fdv": "27622419.119080360117489564957488",
      "risk_score": "0"
    },
    {
      "token": "2VqtrBXmgkNa3oeJwgnBUdNL5yJhq8kddqYtPVGKbonk",
      "chain": "solana",
      "symbol": "FLOPPY",
      "name": "FLOPPY",
      "logo_url": "https://www.iconaves.com/ipfs/bonk/2VqtrBXmgkNa3oeJwgnBUdNL5yJhq8kddqYtPVGKbonk_147_20250513123906.webp",
      "current_price_usd": 0.00043198284716996967,
      "price_change_24h": 98.63,
      "tx_volume_u_24h": 9615252.688689,
      "holders": 2947,
      "market_cap": "431982.84716996967000000000",
      "fdv": "431982.84716996967000000000",
      "risk_score": "0"
    },
    {
      "token": "7Tx8qTXSakpfaSFjdztPGQ9n2uyT1eUkYz7gYxxopump",
      "chain": "solana",
      "symbol": "ASSDAQ",
      "name": "ASSDAQ",
      "logo_url": "https://www.iconaves.com/ipfs/pump/7Tx8qTXSakpfaSFjdztPGQ9n2uyT1eUkYz7gYxxopump_147.webp",
      "current_price_usd": 0.0027309178511067214,
      "price_change_24h": 3581.32,
      "tx_volume_u_24h": 9386627.206777,
      "holders": 3956,
      "market_cap": "2730917.8511067214000000000",
      "fdv": "2730917.8511067214000000000",
      "risk_score": "0"
    },
    {
      "token": "AyrMnuDjCNChofnBso9yyV8h7CghWCWgWANbhCUbrTfy",
      "chain": "solana",
      "symbol": "AVOCATO",
      "name": "AVOCATO",
      "logo_url": "",
      "current_price_usd": 0.00021022663238702248,
      "price_change_24h": -6.6,
      "tx_volume_u_24h": 9128837.251189,
      "holders": 2644,
      "market_cap": "210226.63238702248000000000",
      "fdv": "210226.63238702248000000000",
      "risk_score": "55"
    },
    {
      "token": "A8C3xuqscfmyLrte3VmTqrAq8kgMASius9AFNANwpump",
      "chain": "solana",
      "symbol": "FWOG",
      "name": "FWOG",
      "logo_url": "https://www.iconaves.com/token_icon/solana/A8C3xuqscfmyLrte3VmTqrAq8kgMASius9AFNANwpump.png",
      "current_price_usd": 0.09711387798960103,
      "price_change_24h": -11.31,
      "tx_volume_u_24h": 9117473.62484,
      "holders": 82029,
      "market_cap": "94746231.70404374765527912230334",
      "fdv": "94746231.70404374765527912230334",
      "risk_score": "40"
    },
    {
      "token": "dpfZvKKTu2CEJ9zJz28Cu733m1zGbuQk9FS7T8wpump",
      "chain": "solana",
      "symbol": "ICM",
      "name": "ICM",
      "logo_url": "https://www.iconaves.com/ipfs/pump/dpfZvKKTu2CEJ9zJz28Cu733m1zGbuQk9FS7T8wpump.png",
      "current_price_usd": 0.007867202611026344,
      "price_change_24h": -50.67,
      "tx_volume_u_24h": 8869536.613884,
      "holders": 5255,
      "market_cap": "7863630.037659578619127992763496",
      "fdv": "7863630.037659578619127992763496",
      "risk_score": "40"
    },
    {
      "token": "Hg8bKz4mvs8KNj9zew1cEF9tDw1x2GViB4RFZjVEmfrD",
      "chain": "solana",
      "symbol": "TDCCP",
      "name": "TDCCP",
      "logo_url": "https://www.iconaves.com/token_icon_solana/solana/Hg8bKz4mvs8KNj9zew1cEF9tDw1x2GViB4RFZjVEmfrD.png",
      "current_price_usd": 0.4234100921240638,
      "price_change_24h": 29.55,
      "tx_volume_u_24h": 8787984.92424,
      "holders": 11546,
      "market_cap": "270982450.8938144809397824459657038",
      "fdv": "270982450.8938144809397824459657038",
      "risk_score": "55"
    },
    {
      "token": "fRfKGCriduzDwSudCwpL7ySCEiboNuryhZDVJtr1a1C",
      "chain": "solana",
      "symbol": "DUPE",
      "name": "DUPE",
      "logo_url": "https://www.iconaves.com/token_icon/solana/fRfKGCriduzDwSudCwpL7ySCEiboNuryhZDVJtr1a1C.png",
      "current_price_usd": 0.03631758791010036,
      "price_change_24h": -34.72,
      "tx_volume_u_24h": 8648601.912077,
      "holders": 6951,
      "market_cap": "36317502.32718698221997062230027492",
      "fdv": "36317502.32718698221997062230027492",
      "risk_score": "55"
    },
    {
      "token": "EeguLg7Zh6F86ZSJtcsDgsxUsA3t5Gci5Kr85AvkxA4B",
      "chain": "solana",
      "symbol": "",
      "name": "Unknown Token",
      "logo_url": "",
      "current_price_usd": 0.0024285007650695074,
      "price_change_24h": -18.15,
      "tx_volume_u_24h": 8407028.120654,
      "holders": 1359,
      "market_cap": "2428372.3771233276770544817574437402",
      "fdv": "2428372.3771233276770544817574437402",
      "risk_score": "55"
    },
    {
      "token": "2qEHjDLDLbuBgRYvsxhc5D6uDWAivNFZGan56P1tpump",
      "chain": "solana",
      "symbol": "Pnut",
      "name": "Pnut",
      "logo_url": "https://www.iconaves.com/token_icon_request/6726a098b2402d7b98c12fde_1730594088.png",
      "current_price_usd": 0.3847743895565481,
      "price_change_24h": -12.5,
      "tx_volume_u_24h": 8193825.995129,
      "holders": 89981,
      "market_cap": "384717777.3412379825249057531772",
      "fdv": "384717777.3412379825249057531772",
      "risk_score": "40"
    },
    {
      "token": "ArUyEVWGCzZMtAxcPmNH8nDFZ4kMjxrMbpsQf3NEpump",
      "chain": "solana",
      "symbol": "BAYC",
      "name": "BAYC",
      "logo_url": "https://www.iconaves.com/token_icon_request/681b14fe00db497da7028edd_1746605310.png",
      "current_price_usd": 0.16866553397351508,
      "price_change_24h": 32.43,
      "tx_volume_u_24h": 8029914.016267,
      "holders": 10697,
      "market_cap": "168665533.97351508000000000",
      "fdv": "168665533.97351508000000000",
      "risk_score": "40"
    },
    {
      "token": "KENJSUYLASHUMfHyy5o4Hp2FdNqZg1AsUPhfH2kYvEP",
      "chain": "solana",
      "symbol": "GRIFFAIN",
      "name": "GRIFFAIN",
      "logo_url": "https://www.iconaves.com/token_icon_solana/solana/KENJSUYLASHUMfHyy5o4Hp2FdNqZg1AsUPhfH2kYvEP.png",
      "current_price_usd": 0.12963722920426712,
      "price_change_24h": 4.39,
      "tx_volume_u_24h": 7874237.548903,
      "holders": 69410,
      "market_cap": "129620085.60358827162445229499928",
      "fdv": "129620085.60358827162445229499928",
      "risk_score": "40"
    },
    {
      "token": "5UUH9RTDiSpq6HKS6bp4NdU9PNJpXRXuiw6ShBTBhgH2",
      "chain": "solana",
      "symbol": "TROLL",
      "name": "TROLL",
      "logo_url": "https://www.iconaves.com/token_icon/solana/5UUH9RTDiSpq6HKS6bp4NdU9PNJpXRXuiw6ShBTBhgH2.png",
      "current_price_usd": 0.012615400685477417,
      "price_change_24h": -32.78,
      "tx_volume_u_24h": 7782281.440543,
      "holders": 14645,
      "market_cap": "12602760.331415769410095764382498",
      "fdv": "12602760.331415769410095764382498",
      "risk_score": "40"
    },
    {
      "token": "EGKuQp7wYBCMc1TodN9NLWxnMMHwrg2w9nCPC3BUfUXy",
      "chain": "solana",
      "symbol": "SIGNAL",
      "name": "SIGNAL",
      "logo_url": "",
      "current_price_usd": 0.0015661477602017515,
      "price_change_24h": 1858.12,
      "tx_volume_u_24h": 7687482.743101,
      "holders": 2593,
      "market_cap": "1566147.7602017515000000000",
      "fdv": "1566147.7602017515000000000",
      "risk_score": "55"
    },
    {
      "token": "38PgzpJYu2HkiYvV8qePFakB8tuobPdGm2FFEn7Dpump",
      "chain": "solana",
      "symbol": "gork",
      "name": "gork",
      "logo_url": "https://www.iconaves.com/ipfs/pump/38PgzpJYu2HkiYvV8qePFakB8tuobPdGm2FFEn7Dpump_147.webp",
      "current_price_usd": 0.02653375807598336,
      "price_change_24h": -17.79,
      "tx_volume_u_24h": 7521761.112228,
      "holders": 20020,
      "market_cap": "26533393.29186731016894932003328",
      "fdv": "26533393.29186731016894932003328",
      "risk_score": "0"
    },
    {
      "token": "9wK8yN6iz1ie5kEJkvZCTxyN1x5sTdNfx8yeMY8Ebonk",
      "chain": "solana",
      "symbol": "Hosico",
      "name": "Hosico",
      "logo_url": "https://www.iconaves.com/ipfs/bonk/9wK8yN6iz1ie5kEJkvZCTxyN1x5sTdNfx8yeMY8Ebonk.png",
      "current_price_usd": 0.025490030691355917,
      "price_change_24h": -27.95,
      "tx_volume_u_24h": 7287952.465012,
      "holders": 7165,
      "market_cap": "25489988.122080062552351056822659",
      "fdv": "25489988.122080062552351056822659",
      "risk_score": "40"
    },
    {
      "token": "6AJcP7wuLwmRYLBNbi825wgguaPsWzPBEHcHndpRpump",
      "chain": "solana",
      "symbol": "VINE",
      "name": "Vine Coin",
      "logo_url": "https://www.iconaves.com/token_icon_solana/solana/6AJcP7wuLwmRYLBNbi825wgguaPsWzPBEHcHndpRpump.png",
      "current_price_usd": 0.05594339253858288,
      "price_change_24h": -17.24,
      "tx_volume_u_24h": 7206810.338432,
      "holders": 99557,
      "market_cap": "55942476.58867573324785825751440",
      "fdv": "55942476.58867573324785825751440",
      "risk_score": "40"
    },
    {
      "token": "9BB6NFEcjBCtnNLFko2FqVQBq8HHM13kCyYcdQbgpump",
      "chain": "solana",
      "symbol": "Fartcoin",
      "name": "Fartcoin",
      "logo_url": "https://www.iconaves.com/token_icon_solana/solana/9BB6NFEcjBCtnNLFko2FqVQBq8HHM13kCyYcdQbgpump.png",
      "current_price_usd": 1.3580452553690117,
      "price_change_24h": -1.19,
      "tx_volume_u_24h": 7187092.761496,
      "holders": 149742,
      "market_cap": "1358034678.5635452555070443931",
      "fdv": "1358034678.5635452555070443931",
      "risk_score": "40"
    },
    {
      "token": "Df6yfrKC8kZE3KNkrHERKzAetSxbrWeniQfyJY4Jpump",
      "chain": "solana",
      "symbol": "CHILLGUY",
      "name": "CHILLGUY",
      "logo_url": "https://www.iconaves.com/token_icon_solana/solana/Df6yfrKC8kZE3KNkrHERKzAetSxbrWeniQfyJY4Jpump.png",
      "current_price_usd": 0.1057346229210637,
      "price_change_24h": -2.71,
      "tx_volume_u_24h": 7156199.244092,
      "holders": 133084,
      "market_cap": "105729753.0410317242335405032038",
      "fdv": "105729753.0410317242335405032038",
      "risk_score": "40"
    },
    {
      "token": "CuXmQvh4DVTdWBdC2d3pNq8UXqbKJ3w9RPBTAALcKcTb",
      "chain": "solana",
      "symbol": "DIRA",
      "name": "DIRA",
      "logo_url": "",
      "current_price_usd": 0.001908854578224507,
      "price_change_24h": 2281.98,
      "tx_volume_u_24h": 7056990.772921,
      "holders": 2104,
      "market_cap": "1908854.578224507000000000",
      "fdv": "1908854.578224507000000000",
      "risk_score": "55"
    },
    {
      "token": "2zMMhcVQEXDtdE6vsFS7S7D5oUodfJHE8vd1gnBouauv",
      "chain": "solana",
      "symbol": "PENGU",
      "name": "PENGU",
      "logo_url": "https://www.iconaves.com/token_icon_solana/solana/2zMMhcVQEXDtdE6vsFS7S7D5oUodfJHE8vd1gnBouauv.png",
      "current_price_usd": 0.015348435864677063,
      "price_change_24h": 6.05,
      "tx_volume_u_24h": 6819798.177392,
      "holders": 513276,
      "market_cap": "1177589223.898716936871190250408334",
      "fdv": "1177589223.898716936871190250408334",
      "risk_score": "55"
    },
    {
      "token": "65svCEvM4HdBHXKDxfhjm3yw1A6mKXkdS6HXWXDQTSNA",
      "chain": "solana",
      "symbol": "BUDDY",
      "name": "BUDDY",
      "logo_url": "https://www.iconaves.com/token_icon/solana/65svCEvM4HdBHXKDxfhjm3yw1A6mKXkdS6HXWXDQTSNA.png",
      "current_price_usd": 0.0079185433145747,
      "price_change_24h": -56.31,
      "tx_volume_u_24h": 6806159.493639,
      "holders": 3947,
      "market_cap": "7918466.9210019051725795460792457",
      "fdv": "7918466.9210019051725795460792457",
      "risk_score": "55"
    },
    {
      "token": "CrghoogVHHk5EzYr4NSQKWrdutKpMyWXNwwLHCnmpump",
      "chain": "solana",
      "symbol": "Shine",
      "name": "Shine",
      "logo_url": "https://www.iconaves.com/ipfs/pump/CrghoogVHHk5EzYr4NSQKWrdutKpMyWXNwwLHCnmpump_147.webp",
      "current_price_usd": 0.0001405802069210219,
      "price_change_24h": 86.37,
      "tx_volume_u_24h": 6796000.398544,
      "holders": 1923,
      "market_cap": "140580.2069210219000000000",
      "fdv": "140580.2069210219000000000",
      "risk_score": "0"
    },
    {
      "token": "4WuBU65HXdHAg2eFxKvpU2WTAxV2R3eyRyUeNkHwEbba",
      "chain": "solana",
      "symbol": "INFLT",
      "name": "INFLT",
      "logo_url": "",
      "current_price_usd": 0.0006843155384448231,
      "price_change_24h": 19.78,
      "tx_volume_u_24h": 6358568.867968,
      "holders": 1079,
      "market_cap": "684286.8873861306408840345665123655",
      "fdv": "684286.8873861306408840345665123655",
      "risk_score": "55"
    },
    {
      "token": "GEKjZKJZgQTCbi9evTW2GmhyamH3sq6Lid9dQMWqEcCY",
      "chain": "solana",
      "symbol": "WONDER",
      "name": "WONDER",
      "logo_url": "",
      "current_price_usd": 0.0020740336235612724,
      "price_change_24h": 2495.79,
      "tx_volume_u_24h": 6125002.511423,
      "holders": 1355,
      "market_cap": "2074033.6235612724000000000",
      "fdv": "2074033.6235612724000000000",
      "risk_score": "55"
    },
    {
      "token": "HJ2n2a3YK1LTBCRbS932cTtmXw4puhgG8Jb2WcpEpump",
      "chain": "solana",
      "symbol": "Cycle",
      "name": "Cycle",
      "logo_url": "https://www.iconaves.com/ipfs/pump/HJ2n2a3YK1LTBCRbS932cTtmXw4puhgG8Jb2WcpEpump_147.webp",
      "current_price_usd": 0.0012433462487025514,
      "price_change_24h": -43.8,
      "tx_volume_u_24h": 5784951.381464,
      "holders": 4512,
      "market_cap": "1243346.2487025514000000000",
      "fdv": "1243346.2487025514000000000",
      "risk_score": "0"
    },
    {
      "token": "HNg5PYJmtqcmzXrv6S9zP1CDKk5BgDuyFBxbvNApump",
      "chain": "solana",
      "symbol": "ALCH",
      "name": "ALCH",
      "logo_url": "https://www.iconaves.com/token_icon_solana/solana/HNg5PYJmtqcmzXrv6S9zP1CDKk5BgDuyFBxbvNApump.png",
      "current_price_usd": 0.1543793593069577,
      "price_change_24h": 9.75,
      "tx_volume_u_24h": 5704609.128474,
      "holders": 32498,
      "market_cap": "154377177.7417205687041107149605",
      "fdv": "154377177.7417205687041107149605",
      "risk_score": "40"
    },
    {
      "token": "Gg4CJSfz8Rf2ELKh4RC14eUiRNHVHsqj75AAm1H4PVSK",
      "chain": "solana",
      "symbol": "KNCT",
      "name": "KNCT",
      "logo_url": "",
      "current_price_usd": 0.0005783445563114901,
      "price_change_24h": 679.47,
      "tx_volume_u_24h": 5671662.027448,
      "holders": 1217,
      "market_cap": "578344.5563114901000000000",
      "fdv": "578344.5563114901000000000",
      "risk_score": "55"
    },
    {
      "token": "CzLSujWBLFsSjncfkh59rUFqvafWcY5tzedWJSuypump",
      "chain": "solana",
      "symbol": "GOAT",
      "name": "GOAT",
      "logo_url": "https://www.iconaves.com/token_icon_request/671fdea1f8d9f7a5f53fdfe7_1730144315.png",
      "current_price_usd": 0.19278367775734365,
      "price_change_24h": -13.07,
      "tx_volume_u_24h": 5583042.139609,
      "holders": 89859,
      "market_cap": "192782398.28695896656774179815480",
      "fdv": "192782398.28695896656774179815480",
      "risk_score": "50"
    },
    {
      "token": "CMkj12qHC9RjAUs1MED38Bt7gfyP3TbEpa1mcBno3RUY",
      "chain": "solana",
      "symbol": "AURA",
      "name": "AURA",
      "logo_url": "",
      "current_price_usd": 0.0035388365472122847,
      "price_change_24h": 21.05,
      "tx_volume_u_24h": 5329883.866741,
      "holders": 1152,
      "market_cap": "3538821.7740332450201483369995657818",
      "fdv": "3538821.7740332450201483369995657818",
      "risk_score": "55"
    },
    {
      "token": "8x5VqbHA8D7NkD52uNuS5nnt3PwA8pLD34ymskeSo2Wn",
      "chain": "solana",
      "symbol": "ZEREBRO",
      "name": "ZEREBRO",
      "logo_url": "https://www.iconaves.com/token_icon_solana/solana/8x5VqbHA8D7NkD52uNuS5nnt3PwA8pLD34ymskeSo2Wn.png",
      "current_price_usd": 0.05552947214495922,
      "price_change_24h": -5.9,
      "tx_volume_u_24h": 5280921.724557,
      "holders": 76005,
      "market_cap": "55527099.23029104554644029138624",
      "fdv": "55527099.23029104554644029138624",
      "risk_score": "40"
    },
    {
      "token": "7GCihgDB8fe6KNjn2MYtkzZcRjQy3t9GHdC8uHYmW2hr",
      "chain": "solana",
      "symbol": "POPCAT",
      "name": "POPCAT",
      "logo_url": "https://www.iconaves.com/token_icon_solana/solana/7GCihgDB8fe6KNjn2MYtkzZcRjQy3t9GHdC8uHYmW2hr.png",
      "current_price_usd": 0.5245713884534228,
      "price_change_24h": -10.57,
      "tx_volume_u_24h": 5082816.505467,
      "holders": 140468,
      "market_cap": "514048489.887115708071257916282168",
      "fdv": "514048489.887115708071257916282168",
      "risk_score": "40"
    },
    {
      "token": "JB2wezZLdzWfnaCfHxLg193RS3Rh51ThiXxEDWQDpump",
      "chain": "solana",
      "symbol": "LABUBU",
      "name": "LABUBU",
      "logo_url": "https://www.iconaves.com/token_icon_request/6715f7ba8bd178cde8ede177_1729492923.png",
      "current_price_usd": 0.005088655934084168,
      "price_change_24h": 358.03,
      "tx_volume_u_24h": 4967632.369724,
      "holders": 5895,
      "market_cap": "5077241.077830681748216881425664",
      "fdv": "5077241.077830681748216881425664",
      "risk_score": "40"
    },
    {
      "token": "Ce2gx9KGXJ6C9Mp5b5x1sn9Mg87JwEbrQby4Zqo3pump",
      "chain": "solana",
      "symbol": "neet",
      "name": "neet",
      "logo_url": "https://www.iconaves.com/ipfs/pump/Ce2gx9KGXJ6C9Mp5b5x1sn9Mg87JwEbrQby4Zqo3pump.png",
      "current_price_usd": 0.007302443970135971,
      "price_change_24h": -8.65,
      "tx_volume_u_24h": 4513620.64561,
      "holders": 6492,
      "market_cap": "7302224.479663469896713912694104",
      "fdv": "7302224.479663469896713912694104",
      "risk_score": "0"
    },
    {
      "token": "9j6twpYWrV1ueJok76D9YK8wJTVoG9Zy8spC7wnTpump",
      "chain": "solana",
      "symbol": "urmom ",
      "name": "urmom ",
      "logo_url": "https://www.iconaves.com/ipfs/pump/9j6twpYWrV1ueJok76D9YK8wJTVoG9Zy8spC7wnTpump_147_20250505011853.webp",
      "current_price_usd": 0.003116081716133885,
      "price_change_24h": 142.31,
      "tx_volume_u_24h": 4510168.683088,
      "holders": 5928,
      "market_cap": "3116081.716133885000000000",
      "fdv": "3116081.716133885000000000",
      "risk_score": "0"
    },
    {
      "token": "7BgBvyjrZX1YKz4oh9mjb8ZScatkkwb8DzFx7LoiVkM3",
      "chain": "solana",
      "symbol": "SLERF",
      "name": "SLERF",
      "logo_url": "https://www.iconaves.com/token_icon_request/6718fdbd9b841f4cb9c7997d_1729691070.png",
      "current_price_usd": 0.09842033610181998,
      "price_change_24h": -10.96,
      "tx_volume_u_24h": 4456478.717949,
      "holders": 54850,
      "market_cap": "49209229.00595645314453423279754946",
      "fdv": "49209229.00595645314453423279754946",
      "risk_score": "40"
    },
    {
      "token": "61V8vBaqAGMpgDQi4JcAwo1dmBGHsyhzodcPqnEVpump",
      "chain": "solana",
      "symbol": "arc",
      "name": "arc",
      "logo_url": "https://www.iconaves.com/token_icon_solana/solana/61V8vBaqAGMpgDQi4JcAwo1dmBGHsyhzodcPqnEVpump.png",
      "current_price_usd": 0.08922464429199042,
      "price_change_24h": -4.16,
      "tx_volume_u_24h": 4312058.5455,
      "holders": 53985,
      "market_cap": "89224111.86800662524442252843464",
      "fdv": "89224111.86800662524442252843464",
      "risk_score": "40"
    },
    {
      "token": "DKu9kykSfbN5LBfFXtNNDPaX35o4Fv6vJ9FKk7pZpump",
      "chain": "solana",
      "symbol": "AVA",
      "name": "AVA",
      "logo_url": "https://www.iconaves.com/token_icon_solana/solana/DKu9kykSfbN5LBfFXtNNDPaX35o4Fv6vJ9FKk7pZpump.png",
      "current_price_usd": 0.07817933030607985,
      "price_change_24h": -7.35,
      "tx_volume_u_24h": 4245608.649963,
      "holders": 54304,
      "market_cap": "78169048.89648137350643118784905",
      "fdv": "78169048.89648137350643118784905",
      "risk_score": "40"
    },
    {
      "token": "EmoNk76Psbz4k1DpePgyFmZX3Wkv3RDfo8tGX9cbonk",
      "chain": "solana",
      "symbol": "Dazhuang",
      "name": "Dazhuang",
      "logo_url": "https://www.iconaves.com/ipfs/bonk/EmoNk76Psbz4k1DpePgyFmZX3Wkv3RDfo8tGX9cbonk_147_20250513070334.webp",
      "current_price_usd": 0.00033740004809952785,
      "price_change_24h": -21.91,
      "tx_volume_u_24h": 4225200.108828,
      "holders": 2944,
      "market_cap": "337400.04809952785000000000",
      "fdv": "337400.04809952785000000000",
      "risk_score": "40"
    },
    {
      "token": "47qLfWYvAXdC7mewCg9xwvN1r2xxfQYw6Gedgr5mbRGS",
      "chain": "solana",
      "symbol": "GLONK",
      "name": "GLONK",
      "logo_url": "",
      "current_price_usd": 0.00033272246353673664,
      "price_change_24h": 25353.25,
      "tx_volume_u_24h": 4087123.836262,
      "holders": 999,
      "market_cap": "324014.77501696462304349868782528",
      "fdv": "324014.77501696462304349868782528",
      "risk_score": "40"
    },
    {
      "token": "Dfh5DzRgSvvCFDoYc2ciTkMrbDfRKybA4SoFbPmApump",
      "chain": "solana",
      "symbol": "pippin",
      "name": "Pippin",
      "logo_url": "https://www.iconaves.com/token_icon/solana/Dfh5DzRgSvvCFDoYc2ciTkMrbDfRKybA4SoFbPmApump.png",
      "current_price_usd": 0.036624965448998105,
      "price_change_24h": -12.5,
      "tx_volume_u_24h": 3908203.678623,
      "holders": 28636,
      "market_cap": "36622987.02552989494412761222715",
      "fdv": "36622987.02552989494412761222715",
      "risk_score": "40"
    },
    {
      "token": "MEW1gQWJ3nEXg2qgERiKu7FAFj79PHvQVREQUzScPP5",
      "chain": "solana",
      "symbol": "MEW",
      "name": "MEW",
      "logo_url": "https://www.iconaves.com/token_icon_solana/solana/MEW1gQWJ3nEXg2qgERiKu7FAFj79PHvQVREQUzScPP5.png",
      "current_price_usd": 0.0036822138981034503,
      "price_change_24h": -8.81,
      "tx_volume_u_24h": 3755815.193187,
      "holders": 175196,
      "market_cap": "327297627.901010328471780400327728",
      "fdv": "327297627.901010328471780400327728",
      "risk_score": "55"
    },
    {
      "token": "CDBdbNqmrLu1PcgjrFG52yxg71QnFhBZcUE6PSFdbonk",
      "chain": "solana",
      "symbol": "LetsBONK",
      "name": "LetsBONK",
      "logo_url": "https://www.iconaves.com/ipfs/bonk/CDBdbNqmrLu1PcgjrFG52yxg71QnFhBZcUE6PSFdbonk.png",
      "current_price_usd": 0.06199041910390317,
      "price_change_24h": 12.37,
      "tx_volume_u_24h": 3730885.135291,
      "holders": 8807,
      "market_cap": "4277297.02286084774181734825577",
      "fdv": "4277297.02286084774181734825577",
      "risk_score": "40"
    },
    {
      "token": "83mCRQJzvKMeQd9wJbZDUCTPgRbZMDoPdMSx5Sf1pump",
      "chain": "solana",
      "symbol": "LLJEFFY",
      "name": "LLJEFFY",
      "logo_url": "https://www.iconaves.com/ipfs/pump/83mCRQJzvKMeQd9wJbZDUCTPgRbZMDoPdMSx5Sf1pump_147.webp",
      "current_price_usd": 0.01604708240509612,
      "price_change_24h": 7.63,
      "tx_volume_u_24h": 3700814.007324,
      "holders": 4149,
      "market_cap": "2004156.26469125055846163878516",
      "fdv": "2004156.26469125055846163878516",
      "risk_score": "0"
    },
    {
      "token": "GcCfPKRq2n5gJZQRBRyqKu7b382igWCg4qwhfF7twLiQ",
      "chain": "solana",
      "symbol": "GPTW",
      "name": "GPTW",
      "logo_url": "",
      "current_price_usd": 0.0008258716764004669,
      "price_change_24h": -53.87,
      "tx_volume_u_24h": 3680827.164509,
      "holders": 1308,
      "market_cap": "825871.6764004669000000000",
      "fdv": "825871.6764004669000000000",
      "risk_score": "55"
    },
    {
      "token": "eL5fUxj2J4CiQsmW85k5FG9DvuQjjUoBHoQBi2Kpump",
      "chain": "solana",
      "symbol": "UFD",
      "name": "Unicorn Fart Dust",
      "logo_url": "https://www.iconaves.com/token_icon_solana/solana/eL5fUxj2J4CiQsmW85k5FG9DvuQjjUoBHoQBi2Kpump.png",
      "current_price_usd": 0.05105448398151854,
      "price_change_24h": -8.54,
      "tx_volume_u_24h": 3344416.079611,
      "holders": 38890,
      "market_cap": "51053391.40712504151565389493186",
      "fdv": "51053391.40712504151565389493186",
      "risk_score": "40"
    },
    {
      "token": "Bsow2wFkVzy1itJnhLke6VRTqoEkYQZp7kbwPtS87FyN",
      "chain": "solana",
      "symbol": "GIGGLES",
      "name": "GIGGLES",
      "logo_url": "",
      "current_price_usd": 0.005398516890322898,
      "price_change_24h": -38.34,
      "tx_volume_u_24h": 3283255.982488,
      "holders": 2089,
      "market_cap": "5398516.890322898000000000",
      "fdv": "5398516.890322898000000000",
      "risk_score": "55"
    },
    {
      "token": "Grass7B4RdKfBCjTKgSqnXkqjwiGvQyFbuSCUJr3XXjs",
      "chain": "solana",
      "symbol": "GRASS",
      "name": "GRASS",
      "logo_url": "https://www.iconaves.com/token_icon/solana/Grass7B4RdKfBCjTKgSqnXkqjwiGvQyFbuSCUJr3XXjs.png",
      "current_price_usd": 2.0807821885837336,
      "price_change_24h": 22.56,
      "tx_volume_u_24h": 3226692.708196,
      "holders": 333033,
      "market_cap": "2080772349.9617983105071092148657952",
      "fdv": "2080772349.9617983105071092148657952",
      "risk_score": "40"
    },
    {
      "token": "5mbK36SZ7J19An8jFochhQS4of8g6BwUjbeCSxBSoWdp",
      "chain": "solana",
      "symbol": "$michi",
      "name": "$michi",
      "logo_url": "https://www.iconaves.com/token_icon_solana/solana/5mbK36SZ7J19An8jFochhQS4of8g6BwUjbeCSxBSoWdp.png",
      "current_price_usd": 0.057646709426577666,
      "price_change_24h": -16.53,
      "tx_volume_u_24h": 3176569.597387,
      "holders": 48666,
      "market_cap": "32038020.597570364551243416187396",
      "fdv": "32038020.597570364551243416187396",
      "risk_score": "40"
    },
    {
      "token": "EecSMXvvhszENGs7SAWMejLgBHBAhCvkMDWY88JR7hog",
      "chain": "solana",
      "symbol": "BANNED",
      "name": "BANNED",
      "logo_url": "",
      "current_price_usd": 0.0012962902330799014,
      "price_change_24h": -0.5,
      "tx_volume_u_24h": 3132337.781579,
      "holders": 1020,
      "market_cap": "1296223.2930102099094699511808118442",
      "fdv": "1296223.2930102099094699511808118442",
      "risk_score": "55"
    },
    {
      "token": "74SBV4zDXxTRgv1pEMoECskKBkZHc2yGPnc7GYVepump",
      "chain": "solana",
      "symbol": "swarms",
      "name": "swarms",
      "logo_url": "https://www.iconaves.com/ipfs/pump/74SBV4zDXxTRgv1pEMoECskKBkZHc2yGPnc7GYVepump.png",
      "current_price_usd": 0.038721564532099365,
      "price_change_24h": -8.52,
      "tx_volume_u_24h": 3094093.298101,
      "holders": 39581,
      "market_cap": "38720808.50191921863963972678285",
      "fdv": "38720808.50191921863963972678285",
      "risk_score": "40"
    },
    {
      "token": "M7tBg3eVTm7L1nMgoQsREF2KjBaWW6pmv2C6MUUU5i1",
      "chain": "solana",
      "symbol": "REPLY",
      "name": "REPLY",
      "logo_url": "https://www.iconaves.com/token_icon/solana/M7tBg3eVTm7L1nMgoQsREF2KjBaWW6pmv2C6MUUU5i1.png",
      "current_price_usd": 0.0011248995249474878,
      "price_change_24h": -61.29,
      "tx_volume_u_24h": 3023302.729841,
      "holders": 1895,
      "market_cap": "1124899.5249474878000000000",
      "fdv": "1124899.5249474878000000000",
      "risk_score": "55"
    },
    {
      "token": "C3DwDjT17gDvvCYC2nsdGHxDHVmQRdhKfpAdqQ29pump",
      "chain": "solana",
      "symbol": "RFC",
      "name": "RFC",
      "logo_url": "https://www.iconaves.com/ipfs/pump/C3DwDjT17gDvvCYC2nsdGHxDHVmQRdhKfpAdqQ29pump.png",
      "current_price_usd": 0.017182175523137482,
      "price_change_24h": 8.93,
      "tx_volume_u_24h": 2946621.930627,
      "holders": 12973,
      "market_cap": "17179819.343116873578212992796310",
      "fdv": "17179819.343116873578212992796310",
      "risk_score": "40"
    },
    {
      "token": "63LfDmNb3MQ8mw9MtZ2To9bEA2M71kZUUGq5tiJxcqj9",
      "chain": "solana",
      "symbol": "GIGA",
      "name": "GIGA",
      "logo_url": "https://www.iconaves.com/token_icon_solana/solana/63LfDmNb3MQ8mw9MtZ2To9bEA2M71kZUUGq5tiJxcqj9_20240710100933.png",
      "current_price_usd": 0.02586570508297882,
      "price_change_24h": -10.84,
      "tx_volume_u_24h": 2845909.691244,
      "holders": 83836,
      "market_cap": "248411626.1934137876061611677192",
      "fdv": "248411626.1934137876061611677192",
      "risk_score": "40"
    },
    {
      "token": "FWAr6oWa6CHg6WUcXu8CqkmsdbhtEqL8t31QTonppump",
      "chain": "solana",
      "symbol": "PVS",
      "name": "PVS",
      "logo_url": "https://www.iconaves.com/ipfs/pump/FWAr6oWa6CHg6WUcXu8CqkmsdbhtEqL8t31QTonppump.png",
      "current_price_usd": 0.012711198909548773,
      "price_change_24h": 13.68,
      "tx_volume_u_24h": 2817470.371447,
      "holders": 7203,
      "market_cap": "12709241.740212978003679226936801",
      "fdv": "12709241.740212978003679226936801",
      "risk_score": "40"
    },
    {
      "token": "BQX1cjcRHXmrqNtoFWwmE5bZj7RPneTmqXB979b2pump",
      "chain": "solana",
      "symbol": "Italianrot",
      "name": "Italianrot",
      "logo_url": "https://www.iconaves.com/ipfs/pump/BQX1cjcRHXmrqNtoFWwmE5bZj7RPneTmqXB979b2pump.png",
      "current_price_usd": 0.007236538179423878,
      "price_change_24h": -9.34,
      "tx_volume_u_24h": 2811137.540333,
      "holders": 7637,
      "market_cap": "7235712.161608523871365554076090",
      "fdv": "7235712.161608523871365554076090",
      "risk_score": "40"
    },
    {
      "token": "CniPCE4b3s8gSUPhUiyMjXnytrEqUrMfSsnbBjLCpump",
      "chain": "solana",
      "symbol": "pwease",
      "name": "pwease",
      "logo_url": "https://www.iconaves.com/ipfs/pump/CniPCE4b3s8gSUPhUiyMjXnytrEqUrMfSsnbBjLCpump.png",
      "current_price_usd": 0.007692028021692885,
      "price_change_24h": -21.63,
      "tx_volume_u_24h": 2779626.435871,
      "holders": 21624,
      "market_cap": "7691338.599719096625499809176070",
      "fdv": "7691338.599719096625499809176070",
      "risk_score": "40"
    },
    {
      "token": "JDzPbXboQYWVmdxXS3LbvjM52RtsV1QaSv2AzoCiai2o",
      "chain": "solana",
      "symbol": "FO",
      "name": "FO",
      "logo_url": "https://www.iconaves.com/token_icon_solana/solana/JDzPbXboQYWVmdxXS3LbvjM52RtsV1QaSv2AzoCiai2o.png",
      "current_price_usd": 0.7258494880546075,
      "price_change_24h": 0.01,
      "tx_volume_u_24h": 2705823.5783,
      "holders": 142144,
      "market_cap": "724637271.320902655150768483375",
      "fdv": "724637271.320902655150768483375",
      "risk_score": "55"
    },
    {
      "token": "86t88w3MKT38HChTBKBwEeb1RW1MeTceaW68qY2Vpump",
      "chain": "solana",
      "symbol": "LMT",
      "name": "LMT",
      "logo_url": "https://www.iconaves.com/token_icon_solana/solana/86t88w3MKT38HChTBKBwEeb1RW1MeTceaW68qY2Vpump.png",
      "current_price_usd": 0.026530226625677306,
      "price_change_24h": -0.58,
      "tx_volume_u_24h": 2494615.798596,
      "holders": 8651,
      "market_cap": "22023755.199792127954196106346446",
      "fdv": "22023755.199792127954196106346446",
      "risk_score": "55"
    },
    {
      "token": "GJAFwWjJ3vnTsrQVabjBVK2TYB1YtRCQXRDfDgUnpump",
      "chain": "solana",
      "symbol": "ACT",
      "name": "ACT",
      "logo_url": "https://www.iconaves.com/token_icon_solana/solana/GJAFwWjJ3vnTsrQVabjBVK2TYB1YtRCQXRDfDgUnpump.png",
      "current_price_usd": 0.07515972385179245,
      "price_change_24h": -4.49,
      "tx_volume_u_24h": 2409300.678166,
      "holders": 43206,
      "market_cap": "71269847.53903725290516801413575",
      "fdv": "71269847.53903725290516801413575",
      "risk_score": "40"
    },
    {
      "token": "HZ1JovNiVvGrGNiiYvEozEVgZ58xaU3RKwX8eACQBCt3",
      "chain": "solana",
      "symbol": "PYTH",
      "name": "PYTH",
      "logo_url": "https://www.iconaves.com/token_icon_solana/solana/HZ1JovNiVvGrGNiiYvEozEVgZ58xaU3RKwX8eACQBCt3.png",
      "current_price_usd": 0.18341980487831555,
      "price_change_24h": -1.06,
      "tx_volume_u_24h": 2348693.643503,
      "holders": 321069,
      "market_cap": "1834195725.78500598176157914540345",
      "fdv": "1834195725.78500598176157914540345",
      "risk_score": "55"
    },
    {
      "token": "5z3EqYQo9HiCEs3R84RCDMu2n7anpDMxRhdK8PSWmrRC",
      "chain": "solana",
      "symbol": "PONKE",
      "name": "PONKE",
      "logo_url": "https://www.iconaves.com/token_icon_solana/solana/5z3EqYQo9HiCEs3R84RCDMu2n7anpDMxRhdK8PSWmrRC.png",
      "current_price_usd": 0.19110726756731744,
      "price_change_24h": -14.79,
      "tx_volume_u_24h": 2342994.6084,
      "holders": 75977,
      "market_cap": "106167633.24093526444482814181333824",
      "fdv": "106167633.24093526444482814181333824",
      "risk_score": "40"
    },
    {
      "token": "4CoTCzobYt38zVbSieZxcmz2CCs8kmZJ6wnbj8HWocto",
      "chain": "solana",
      "symbol": "OCTO",
      "name": "OCTO",
      "logo_url": "https://www.iconaves.com/token_icon_request/67404bb1cddaef2cbf7e4cf0_1732266929.png",
      "current_price_usd": 0.028333205687794145,
      "price_change_24h": -18.85,
      "tx_volume_u_24h": 2245827.667142,
      "holders": 5279,
      "market_cap": "2833275.466344289716794668153665",
      "fdv": "2833275.466344289716794668153665",
      "risk_score": "55"
    },
    {
      "token": "RhFVq1Zt81VvcoSEMSyCGZZv5SwBdA8MV7w4HEMpump",
      "chain": "solana",
      "symbol": "CFX",
      "name": "CFX",
      "logo_url": "https://www.iconaves.com/ipfs/pump/RhFVq1Zt81VvcoSEMSyCGZZv5SwBdA8MV7w4HEMpump.png",
      "current_price_usd": 0.0027219023781629523,
      "price_change_24h": 20.6,
      "tx_volume_u_24h": 2237046.990937,
      "holders": 2911,
      "market_cap": "2721789.5627315833360089206644935",
      "fdv": "2721789.5627315833360089206644935",
      "risk_score": "0"
    },
    {
      "token": "8BtoThi2ZoXnF7QQK1Wjmh2JuBw9FjVvhnGMVZ2vpump",
      "chain": "solana",
      "symbol": "DARK",
      "name": "DARK",
      "logo_url": "https://www.iconaves.com/token_icon_solana/solana/8BtoThi2ZoXnF7QQK1Wjmh2JuBw9FjVvhnGMVZ2vpump.png",
      "current_price_usd": 0.014393314292578703,
      "price_change_24h": -17.07,
      "tx_volume_u_24h": 2230025.294623,
      "holders": 13020,
      "market_cap": "14390536.870148662867945697141872",
      "fdv": "14390536.870148662867945697141872",
      "risk_score": "40"
    },
    {
      "token": "Hjw6bEcHtbHGpQr8onG3izfJY5DJiWdt7uk2BfdSpump",
      "chain": "solana",
      "symbol": "SNAI",
      "name": "SNAI",
      "logo_url": "https://www.iconaves.com/ipfs/pump/Hjw6bEcHtbHGpQr8onG3izfJY5DJiWdt7uk2BfdSpump.png",
      "current_price_usd": 0.022898750895218548,
      "price_change_24h": -11.08,
      "tx_volume_u_24h": 2208177.791033,
      "holders": 33548,
      "market_cap": "22898093.408772994030508428212128",
      "fdv": "22898093.408772994030508428212128",
      "risk_score": "40"
    },
    {
      "token": "A8bcY1eSenMiMy75vgSnp6ShMfWHRHjeM6JxfM1CNDL",
      "chain": "solana",
      "symbol": "CANDLE",
      "name": "CANDLE",
      "logo_url": "",
      "current_price_usd": 0.0012960982399848175,
      "price_change_24h": 2.17,
      "tx_volume_u_24h": 2181875.569043,
      "holders": 2451,
      "market_cap": "12960972.977405455864352131937450",
      "fdv": "12960972.977405455864352131937450",
      "risk_score": "55"
    },
    {
      "token": "6NcdiK8B5KK2DzKvzvCfqi8EHaEqu48fyEzC8Mm9pump",
      "chain": "solana",
      "symbol": "STONKS",
      "name": "STONKS",
      "logo_url": "https://www.logofacade.com/ipfs/pump/6NcdiK8B5KK2DzKvzvCfqi8EHaEqu48fyEzC8Mm9pump.png",
      "current_price_usd": 0.03184457351281667,
      "price_change_24h": -16.28,
      "tx_volume_u_24h": 2167897.767649,
      "holders": 15261,
      "market_cap": "31842494.13169709419599396839481",
      "fdv": "31842494.13169709419599396839481",
      "risk_score": "40"
    },
    {
      "token": "599Ny3oMiutVZ8j8c5NCxbsNXtwMybfpURtvmukd5YWA",
      "chain": "solana",
      "symbol": "DOGY",
      "name": "DOGY",
      "logo_url": "",
      "current_price_usd": 2.945350227035421e-7,
      "price_change_24h": 420.63,
      "tx_volume_u_24h": 2163213.301861,
      "holders": 4304,
      "market_cap": "294535.0227032475649772964579",
      "fdv": "294535.0227032475649772964579",
      "risk_score": "55"
    },
    {
      "token": "8ncucXv6U6epZKHPbgaEBcEK399TpHGKCquSt4RnmX4f",
      "chain": "solana",
      "symbol": "TRENCHER",
      "name": "TRENCHER",
      "logo_url": "https://www.iconaves.com/ipfs/pump/8ncucXv6U6epZKHPbgaEBcEK399TpHGKCquSt4RnmX4f_20250424152152.png",
      "current_price_usd": 0.002045683241628752,
      "price_change_24h": 12.47,
      "tx_volume_u_24h": 2025527.782095,
      "holders": 7339,
      "market_cap": "2045442.482843119571016318465744",
      "fdv": "2045442.482843119571016318465744",
      "risk_score": "40"
    },
    {
      "token": "ZEUS1aR7aX8DFFJf5QjWj2ftDDdNTroMNGo8YoQm3Gq",
      "chain": "solana",
      "symbol": "ZEUS",
      "name": "ZEUS",
      "logo_url": "https://www.iconaves.com/token_icon_solana/solana/ZEUS1aR7aX8DFFJf5QjWj2ftDDdNTroMNGo8YoQm3Gq.png",
      "current_price_usd": 0.284208383111338,
      "price_change_24h": 2.35,
      "tx_volume_u_24h": 1976435.201065,
      "holders": 90369,
      "market_cap": "284207588.94912064137690316748",
      "fdv": "284207588.94912064137690316748",
      "risk_score": "55"
    },
    {
      "token": "9DHe3pycTuymFk4H4bbPoAJ4hQrr2kaLDF6J6aAKpump",
      "chain": "solana",
      "symbol": "BUZZ",
      "name": "BUZZ",
      "logo_url": "https://www.iconaves.com/ipfs/pump/9DHe3pycTuymFk4H4bbPoAJ4hQrr2kaLDF6J6aAKpump.png",
      "current_price_usd": 0.008083286914283767,
      "price_change_24h": -21.98,
      "tx_volume_u_24h": 1954524.286481,
      "holders": 29484,
      "market_cap": "8082151.676160671189230396217746",
      "fdv": "8082151.676160671189230396217746",
      "risk_score": "40"
    },
    {
      "token": "9BqPvc9vPBdcVtez6UYiFEeqTSYqxypF4f1CmtaZpump",
      "chain": "solana",
      "symbol": "vampcoin2",
      "name": "vampcoin2",
      "logo_url": "https://www.iconaves.com/ipfs/pump/9BqPvc9vPBdcVtez6UYiFEeqTSYqxypF4f1CmtaZpump_147.webp",
      "current_price_usd": 0.00024230919457809646,
      "price_change_24h": -33.82,
      "tx_volume_u_24h": 1938447.961978,
      "holders": 1628,
      "market_cap": "242309.19457809646000000000",
      "fdv": "242309.19457809646000000000",
      "risk_score": "0"
    },
    {
      "token": "6q4LFnMxKfq3a4gbjEYfWsGbEyr6Vgp4WfjFyKTXpump",
      "chain": "solana",
      "symbol": "POPEROBERT",
      "name": "POPEROBERT",
      "logo_url": "https://www.iconaves.com/ipfs/pump/6q4LFnMxKfq3a4gbjEYfWsGbEyr6Vgp4WfjFyKTXpump_147.webp",
      "current_price_usd": 0.007123568645442569,
      "price_change_24h": 10.49,
      "tx_volume_u_24h": 1907457.300755,
      "holders": 2973,
      "market_cap": "7123568.645442569000000000",
      "fdv": "7123568.645442569000000000",
      "risk_score": "0"
    },
    {
      "token": "GekTNfm84QfyP2GdAHZ5AgACBRd69aNmgA5FDhZupump",
      "chain": "solana",
      "symbol": "GRIFT",
      "name": "ORBIT",
      "logo_url": "https://www.iconaves.com/token_icon_solana/solana/GekTNfm84QfyP2GdAHZ5AgACBRd69aNmgA5FDhZupump.png",
      "current_price_usd": 0.01827603878329577,
      "price_change_24h": -9.92,
      "tx_volume_u_24h": 1904483.650633,
      "holders": 27046,
      "market_cap": "18275888.73982260316269271762461",
      "fdv": "18275888.73982260316269271762461",
      "risk_score": "40"
    },
    {
      "token": "FasH397CeZLNYWkd3wWK9vrmjd1z93n3b59DssRXpump",
      "chain": "solana",
      "symbol": "BUTTCOIN",
      "name": "BUTTCOIN",
      "logo_url": "https://www.iconaves.com/ipfs/pump/FasH397CeZLNYWkd3wWK9vrmjd1z93n3b59DssRXpump.png",
      "current_price_usd": 0.003978735793075396,
      "price_change_24h": -34.22,
      "tx_volume_u_24h": 1889280.452232,
      "holders": 15880,
      "market_cap": "3974292.517343568053472228345548",
      "fdv": "3974292.517343568053472228345548",
      "risk_score": "40"
    },
    {
      "token": "H4phNbsqjV5rqk8u6FUACTLB6rNZRTAPGnBb8KXJpump",
      "chain": "solana",
      "symbol": "SSE",
      "name": "SSE",
      "logo_url": "https://www.iconaves.com/token_icon/solana/H4phNbsqjV5rqk8u6FUACTLB6rNZRTAPGnBb8KXJpump.png",
      "current_price_usd": 0.010295725659726607,
      "price_change_24h": -2.86,
      "tx_volume_u_24h": 1882246.082136,
      "holders": 17635,
      "market_cap": "10295457.160652005020823432276582",
      "fdv": "10295457.160652005020823432276582",
      "risk_score": "40"
    },
    {
      "token": "GJtJuWD9qYcCkrwMBmtY1tpapV1sKfB2zUv9Q4aqpump",
      "chain": "solana",
      "symbol": "$RIF",
      "name": "$RIF",
      "logo_url": "https://www.iconaves.com/token_icon_solana/solana/GJtJuWD9qYcCkrwMBmtY1tpapV1sKfB2zUv9Q4aqpump.png",
      "current_price_usd": 0.004111522172782397,
      "price_change_24h": 12.5,
      "tx_volume_u_24h": 1826553.753494,
      "holders": 34877,
      "market_cap": "4109979.013950490134036420954049",
      "fdv": "4109979.013950490134036420954049",
      "risk_score": "40"
    },
    {
      "token": "BYZ9CcZGKAXmN2uDsKcQMM9UnZacija4vWcns9Th69xb",
      "chain": "solana",
      "symbol": "BOTIFY",
      "name": "BOTIFY",
      "logo_url": "https://www.iconaves.com/token_icon_request/6781b25a3ed504797607bdb3_1736553051.png",
      "current_price_usd": 0.020552272229518817,
      "price_change_24h": 31.05,
      "tx_volume_u_24h": 1723275.938963,
      "holders": 19074,
      "market_cap": "20551531.712097485675736988775418",
      "fdv": "20551531.712097485675736988775418",
      "risk_score": "40"
    },
    {
      "token": "Hax9LTgsQkze1YFychnBLtFH8gYbQKtKfWKKg2SP6gdD",
      "chain": "solana",
      "symbol": "TAI",
      "name": "TAI",
      "logo_url": "",
      "current_price_usd": 0.0961456202482565,
      "price_change_24h": -8.57,
      "tx_volume_u_24h": 1717694.104246,
      "holders": 75646,
      "market_cap": "86049524.9739741725590690381950390",
      "fdv": "86049524.9739741725590690381950390",
      "risk_score": "55"
    },
    {
      "token": "E1jCTXdkMRoawoWoqfbhiNkkLbxcSHPssMo36U84pump",
      "chain": "solana",
      "symbol": "GFM",
      "name": "GFM",
      "logo_url": "https://www.iconaves.com/ipfs/pump/E1jCTXdkMRoawoWoqfbhiNkkLbxcSHPssMo36U84pump.png",
      "current_price_usd": 0.006340601453882249,
      "price_change_24h": -4.5,
      "tx_volume_u_24h": 1696563.482711,
      "holders": 10132,
      "market_cap": "6340490.193464466049764410003144",
      "fdv": "6340490.193464466049764410003144",
      "risk_score": "40"
    },
    {
      "token": "SNS8DJbHc34nKySHVhLGMUUE72ho6igvJaxtq9T3cX3",
      "chain": "solana",
      "symbol": "SNS",
      "name": "SNS",
      "logo_url": "https://www.iconaves.com/token_icon_solana/solana/SNS8DJbHc34nKySHVhLGMUUE72ho6igvJaxtq9T3cX3.png",
      "current_price_usd": 0.0029603941052063613,
      "price_change_24h": -38.7,
      "tx_volume_u_24h": 1683438.173095,
      "holders": 11704,
      "market_cap": "29603941.0520636130000000000",
      "fdv": "29603941.0520636130000000000",
      "risk_score": "55"
    },
    {
      "token": "GcmsHHG41giJYACYKrdxZp3kdKMZfg1UB7LaYzCzPxLJ",
      "chain": "solana",
      "symbol": "SUPFRIEND",
      "name": "SUPFRIEND",
      "logo_url": "",
      "current_price_usd": 0.001763896464670937,
      "price_change_24h": -41.68,
      "tx_volume_u_24h": 1554957.611342,
      "holders": 2361,
      "market_cap": "1763866.529019790329257152732012704",
      "fdv": "1763866.529019790329257152732012704",
      "risk_score": "55"
    },
    {
      "token": "C29ebrgYjYoJPMGPnPSGY1q3mMGk4iDSqnQeQQA7moon",
      "chain": "solana",
      "symbol": "NOBODY",
      "name": "NOBODY",
      "logo_url": "https://www.iconaves.com/token_icon_solana/solana/C29ebrgYjYoJPMGPnPSGY1q3mMGk4iDSqnQeQQA7moon.png",
      "current_price_usd": 0.015513064198275795,
      "price_change_24h": 64.28,
      "tx_volume_u_24h": 1554065.462746,
      "holders": 5226,
      "market_cap": "14614229.993913100421436218579609880",
      "fdv": "14614229.993913100421436218579609880",
      "risk_score": "40"
    },
    {
      "token": "7XJiwLDrjzxDYdZipnJXzpr1iDTmK55XixSFAa7JgNEL",
      "chain": "solana",
      "symbol": "MLG",
      "name": "MLG",
      "logo_url": "https://www.iconaves.com/token_icon_solana/solana/7XJiwLDrjzxDYdZipnJXzpr1iDTmK55XixSFAa7JgNEL.png",
      "current_price_usd": 0.01495961393961239,
      "price_change_24h": -3.4,
      "tx_volume_u_24h": 1542141.493949,
      "holders": 27465,
      "market_cap": "14922595.52637971693516253131912",
      "fdv": "14922595.52637971693516253131912",
      "risk_score": "40"
    },
    {
      "token": "Cy1GS2FqefgaMbi45UunrUzin1rfEmTUYnomddzBpump",
      "chain": "solana",
      "symbol": "MOBY",
      "name": "MOBY",
      "logo_url": "https://www.iconaves.com/ipfs/pump/Cy1GS2FqefgaMbi45UunrUzin1rfEmTUYnomddzBpump.png",
      "current_price_usd": 0.01988710997561283,
      "price_change_24h": -8.21,
      "tx_volume_u_24h": 1502593.182677,
      "holders": 23963,
      "market_cap": "19886573.738229112808307768843",
      "fdv": "19886573.738229112808307768843",
      "risk_score": "40"
    },
    {
      "token": "CNvitvFnSM5ed6K28RUNSaAjqqz5tX1rA5HgaBN9pump",
      "chain": "solana",
      "symbol": "FRED",
      "name": "FRED",
      "logo_url": "https://www.iconaves.com/token_icon_solana/solana/CNvitvFnSM5ed6K28RUNSaAjqqz5tX1rA5HgaBN9pump.png",
      "current_price_usd": 0.007721105139623868,
      "price_change_24h": -25.43,
      "tx_volume_u_24h": 1457993.161402,
      "holders": 33727,
      "market_cap": "7719607.468228287810689468870628",
      "fdv": "7719607.468228287810689468870628",
      "risk_score": "40"
    },
    {
      "token": "25hAyBQfoDhfWx9ay6rarbgvWGwDdNqcHsXS3jQ3mTDJ",
      "chain": "solana",
      "symbol": "MANEKI",
      "name": "MANEKI",
      "logo_url": "https://www.iconaves.com/token_icon_solana/solana/25hAyBQfoDhfWx9ay6rarbgvWGwDdNqcHsXS3jQ3mTDJ.png",
      "current_price_usd": 0.002138238980129782,
      "price_change_24h": 3.84,
      "tx_volume_u_24h": 1425703.272913,
      "holders": 70212,
      "market_cap": "18942042.21498107398343991555910",
      "fdv": "18942042.21498107398343991555910",
      "risk_score": "40"
    },
    {
      "token": "HBoNJ5v8g71s2boRivrHnfSB5MVPLDHHyVjruPfhGkvL",
      "chain": "solana",
      "symbol": "PURPE",
      "name": "PURPE",
      "logo_url": "https://www.iconaves.com/token_icon_solana/solana/HBoNJ5v8g71s2boRivrHnfSB5MVPLDHHyVjruPfhGkvL_20240710100945.png",
      "current_price_usd": 0.00007575319214758563,
      "price_change_24h": -19.13,
      "tx_volume_u_24h": 1404369.281033,
      "holders": 48330,
      "market_cap": "31867614.105925157957595287547",
      "fdv": "31867614.105925157957595287547",
      "risk_score": "40"
    },
    {
      "token": "5LafQUrVco6o7KMz42eqVEJ9LW31StPyGjeeu5sKoMtA",
      "chain": "solana",
      "symbol": "MUMU",
      "name": "MUMU",
      "logo_url": "https://www.iconaves.com/token_icon_solana/solana/5LafQUrVco6o7KMz42eqVEJ9LW31StPyGjeeu5sKoMtA.png",
      "current_price_usd": 0.000006152388927726717,
      "price_change_24h": -10.08,
      "tx_volume_u_24h": 1368901.372118,
      "holders": 84828,
      "market_cap": "14333743.858928294827738088109774639",
      "fdv": "14333743.858928294827738088109774639",
      "risk_score": "40"
    },
    {
      "token": "C7heQqfNzdMbUFQwcHkL9FvdwsFsDRBnfwZDDyWYCLTZ",
      "chain": "solana",
      "symbol": "$COLLAT",
      "name": "$COLLAT",
      "logo_url": "https://www.iconaves.com/token_icon_solana/solana/C7heQqfNzdMbUFQwcHkL9FvdwsFsDRBnfwZDDyWYCLTZ.png",
      "current_price_usd": 0.020472434683164273,
      "price_change_24h": -16.96,
      "tx_volume_u_24h": 1367037.470145,
      "holders": 10007,
      "market_cap": "20471641.485691764569760349296921",
      "fdv": "20471641.485691764569760349296921",
      "risk_score": "40"
    },
    {
      "token": "GkyPYa7NnCFbduLknCfBfP7p8564X1VZhwZYJ6CZpump",
      "chain": "solana",
      "symbol": "CHILLHOUSE",
      "name": "CHILLHOUSE",
      "logo_url": "https://www.iconaves.com/ipfs/pump/GkyPYa7NnCFbduLknCfBfP7p8564X1VZhwZYJ6CZpump.png",
      "current_price_usd": 0.001120861424983973,
      "price_change_24h": -19.96,
      "tx_volume_u_24h": 1344699.863226,
      "holders": 3870,
      "market_cap": "1120795.118979419950276924799218",
      "fdv": "1120795.118979419950276924799218",
      "risk_score": "0"
    },
    {
      "token": "CN162nCPpq3DxPCyKLbAvEJeB1aCxsnVTEG4ZU8vpump",
      "chain": "solana",
      "symbol": "A47",
      "name": "A47",
      "logo_url": "https://www.iconaves.com/ipfs/pump/CN162nCPpq3DxPCyKLbAvEJeB1aCxsnVTEG4ZU8vpump.png",
      "current_price_usd": 0.03001196171914905,
      "price_change_24h": 2.53,
      "tx_volume_u_24h": 1300748.943479,
      "holders": 45848,
      "market_cap": "30011684.64761743998834169795170",
      "fdv": "30011684.64761743998834169795170",
      "risk_score": "40"
    },
    {
      "token": "66gsTs88mXJ5L4AtJnWqFW6H2L5YQDRy4W41y6zbpump",
      "chain": "solana",
      "symbol": "YOUSIM",
      "name": "YOUSIM",
      "logo_url": "https://www.iconaves.com/token_icon_solana/solana/66gsTs88mXJ5L4AtJnWqFW6H2L5YQDRy4W41y6zbpump.png",
      "current_price_usd": 0.0015916164318253722,
      "price_change_24h": 72.7,
      "tx_volume_u_24h": 1299443.132969,
      "holders": 9575,
      "market_cap": "1591554.4580011292960317223075166",
      "fdv": "1591554.4580011292960317223075166",
      "risk_score": "40"
    },
    {
      "token": "yFtG6tU4mZqiUnrBC4gF9eXTdWyzj7ZSKb92wv3bonk",
      "chain": "solana",
      "symbol": "JAIL",
      "name": "JAIL",
      "logo_url": "https://www.iconaves.com/ipfs/bonk/yFtG6tU4mZqiUnrBC4gF9eXTdWyzj7ZSKb92wv3bonk.png",
      "current_price_usd": 0.00040707089669558675,
      "price_change_24h": 19.14,
      "tx_volume_u_24h": 1250464.763113,
      "holders": 1250,
      "market_cap": "407026.11238656198859722042821550",
      "fdv": "407026.11238656198859722042821550",
      "risk_score": "40"
    },
    {
      "token": "HgBRWfYxEfvPhtqkaeymCQtHCrKE46qQ43pKe8HCpump",
      "chain": "solana",
      "symbol": "Bert",
      "name": "Bert",
      "logo_url": "https://www.iconaves.com/token_icon_solana/solana/HgBRWfYxEfvPhtqkaeymCQtHCrKE46qQ43pKe8HCpump.png",
      "current_price_usd": 0.03486815695065951,
      "price_change_24h": -2.72,
      "tx_volume_u_24h": 1220883.983471,
      "holders": 23220,
      "market_cap": "34161481.49454146830762658130426",
      "fdv": "34161481.49454146830762658130426",
      "risk_score": "40"
    },
    {
      "token": "6ogzHhzdrQr9Pgv6hZ2MNze7UrzBMAFyBBWUYp1Fhitx",
      "chain": "solana",
      "symbol": "RETARDIO",
      "name": "RETARDIO",
      "logo_url": "https://www.iconaves.com/token_icon_solana/solana/6ogzHhzdrQr9Pgv6hZ2MNze7UrzBMAFyBBWUYp1Fhitx_20240710100942.png",
      "current_price_usd": 0.03249641551181222,
      "price_change_24h": -19.58,
      "tx_volume_u_24h": 1176015.061148,
      "holders": 42019,
      "market_cap": "32481392.4269308257060454759856",
      "fdv": "32481392.4269308257060454759856",
      "risk_score": "40"
    },
    {
      "token": "VTaqS4G29U5UUfYbXwzPjK4sDPcswuKZfMY34DbsGqb",
      "chain": "solana",
      "symbol": "CREATOR",
      "name": "CREATOR",
      "logo_url": "",
      "current_price_usd": 0.0011708838105205946,
      "price_change_24h": -41.19,
      "tx_volume_u_24h": 1166884.102065,
      "holders": 1160,
      "market_cap": "1170783.0621208287683192354177953042",
      "fdv": "1170783.0621208287683192354177953042",
      "risk_score": "55"
    },
    {
      "token": "4rwPNRSFgcS7EGphFdX7VwXuhjZGxph7gYyb7Zp2pump",
      "chain": "solana",
      "symbol": "AuraFarm",
      "name": "AuraFarm",
      "logo_url": "https://www.iconaves.com/ipfs/pump/4rwPNRSFgcS7EGphFdX7VwXuhjZGxph7gYyb7Zp2pump.png",
      "current_price_usd": 0.001684707763944724,
      "price_change_24h": -28.43,
      "tx_volume_u_24h": 1151887.283605,
      "holders": 3272,
      "market_cap": "1684281.04363538116395106497152",
      "fdv": "1684281.04363538116395106497152",
      "risk_score": "40"
    },
    {
      "token": "HhJpBhRRn4g56VsyLuT8DL5Bv31HkXqsrahTTUCZeZg4",
      "chain": "solana",
      "symbol": "$MYRO",
      "name": "$MYRO",
      "logo_url": "https://www.iconaves.com/token_icon_solana/solana/HhJpBhRRn4g56VsyLuT8DL5Bv31HkXqsrahTTUCZeZg4.png",
      "current_price_usd": 0.035981428100805964,
      "price_change_24h": -10.06,
      "tx_volume_u_24h": 1137911.662732,
      "holders": 52306,
      "market_cap": "35980133.076561594853803215574491024",
      "fdv": "35980133.076561594853803215574491024",
      "risk_score": "40"
    },
    {
      "token": "9tsUburWeWCCyt6yYWXYdykwPwSK6tYZsr2pjX7vNRWZ",
      "chain": "solana",
      "symbol": "GYAT",
      "name": "GYAT",
      "logo_url": "",
      "current_price_usd": 0.0012786482174906289,
      "price_change_24h": -23.78,
      "tx_volume_u_24h": 1066271.890336,
      "holders": 1129,
      "market_cap": "1236749.7859912313671117604374446",
      "fdv": "1236749.7859912313671117604374446",
      "risk_score": "40"
    },
    {
      "token": "9Wkcek2EZFmJf5L2XmC5rfnNVBrdndbMe6yW8fbfbonk",
      "chain": "solana",
      "symbol": "CHACHA",
      "name": "CHACHA",
      "logo_url": "https://www.iconaves.com/ipfs/bonk/9Wkcek2EZFmJf5L2XmC5rfnNVBrdndbMe6yW8fbfbonk_147_20250430141249.webp",
      "current_price_usd": 0.0012134265283347235,
      "price_change_24h": 19.02,
      "tx_volume_u_24h": 1043334.435941,
      "holders": 2162,
      "market_cap": "1213405.4277087392997375684681340",
      "fdv": "1213405.4277087392997375684681340",
      "risk_score": "40"
    },
    {
      "token": "FQ1tyso61AH1tzodyJfSwmzsD3GToybbRNoZxUBz21p8",
      "chain": "solana",
      "symbol": "vvaifu",
      "name": "vvaifu",
      "logo_url": "https://www.iconaves.com/token_icon_solana/solana/FQ1tyso61AH1tzodyJfSwmzsD3GToybbRNoZxUBz21p8.png",
      "current_price_usd": 0.006916219789391626,
      "price_change_24h": 26.05,
      "tx_volume_u_24h": 1026505.764364,
      "holders": 33663,
      "market_cap": "6869917.643246479703853042979222",
      "fdv": "6869917.643246479703853042979222",
      "risk_score": "40"
    },
    {
      "token": "JosjEXh69RckgSs2AWsN1xN8zmiSHxBuJjHLURJnHhg",
      "chain": "solana",
      "symbol": "JOS",
      "name": "JOS",
      "logo_url": "",
      "current_price_usd": 0.010378322173784735,
      "price_change_24h": -6.36,
      "tx_volume_u_24h": 1015328.394608,
      "holders": 4578,
      "market_cap": "10378260.322908840801653057782935",
      "fdv": "10378260.322908840801653057782935",
      "risk_score": "40"
    },
    {
      "token": "3qVpCnqdaJtARzE2dYuCy5pm8X2NgF5hx9q9GosPpump",
      "chain": "solana",
      "symbol": "DPCORE",
      "name": "DPCORE",
      "logo_url": "https://www.iconaves.com/ipfs/pump/3qVpCnqdaJtARzE2dYuCy5pm8X2NgF5hx9q9GosPpump.png",
      "current_price_usd": 0.005494968811419144,
      "price_change_24h": 40.57,
      "tx_volume_u_24h": 1003385.054592,
      "holders": 4370,
      "market_cap": "5494954.257409675689331913203848",
      "fdv": "5494954.257409675689331913203848",
      "risk_score": "0"
    },
    {
      "token": "H2c31USxu35MDkBrGph8pUDUnmzo2e4Rf4hnvL2Upump",
      "chain": "solana",
      "symbol": "Shoggoth",
      "name": "Shoggoth",
      "logo_url": "https://www.iconaves.com/token_icon_request/6742ef277e571c70c8f61c6b_1732439849.png",
      "current_price_usd": 0.007667258615971512,
      "price_change_24h": 31.79,
      "tx_volume_u_24h": 988098.097569,
      "holders": 22099,
      "market_cap": "7667212.458769655638271645195664",
      "fdv": "7667212.458769655638271645195664",
      "risk_score": "40"
    },
    {
      "token": "J3NrhzUeKBSA3tJQjNq77zqpWJNz3FS9TrX7H7SLKcom",
      "chain": "solana",
      "symbol": "COM",
      "name": "COM",
      "logo_url": "",
      "current_price_usd": 0.004989870351725575,
      "price_change_24h": 21.79,
      "tx_volume_u_24h": 971037.637448,
      "holders": 1096,
      "market_cap": "4989870.351725575000000000",
      "fdv": "4989870.351725575000000000",
      "risk_score": "40"
    },
    {
      "token": "4EsrfTaMr3oSNFUscBs9HSph7f1dJ26RyDJNQYE1efRC",
      "chain": "solana",
      "symbol": "INDIE",
      "name": "INDIE",
      "logo_url": "",
      "current_price_usd": 0.000346668903293829,
      "price_change_24h": 1.09,
      "tx_volume_u_24h": 958714.273485,
      "holders": 1149,
      "market_cap": "346668.903293829000000000",
      "fdv": "346668.903293829000000000",
      "risk_score": "55"
    },
    {
      "token": "AMjzRn1TBQwQfNAjHFeBb7uGbbqbJB7FzXAnGgdFPk6K",
      "chain": "solana",
      "symbol": "SOLCEX",
      "name": "SOLCEX",
      "logo_url": "https://www.iconaves.com/token_icon_solana/solana/AMjzRn1TBQwQfNAjHFeBb7uGbbqbJB7FzXAnGgdFPk6K.png",
      "current_price_usd": 0.008901378864433542,
      "price_change_24h": 2.82,
      "tx_volume_u_24h": 940200.83649,
      "holders": 104885,
      "market_cap": "8900679.863268206550647705982906",
      "fdv": "8900679.863268206550647705982906",
      "risk_score": "40"
    },
    {
      "token": "31k88G5Mq7ptbRDf3AM13HAq6wRQHXHikR8hik7wPygk",
      "chain": "solana",
      "symbol": "GP",
      "name": "GP",
      "logo_url": "https://www.iconaves.com/token_icon_solana/solana/31k88G5Mq7ptbRDf3AM13HAq6wRQHXHikR8hik7wPygk.png",
      "current_price_usd": 0.3337128425740988,
      "price_change_24h": 22.12,
      "tx_volume_u_24h": 933198.402518,
      "holders": 5082,
      "market_cap": "20774334.3982597892793783371673232",
      "fdv": "20774334.3982597892793783371673232",
      "risk_score": "55"
    },
    {
      "token": "AfyDiEptGHEDgD69y56XjNSbTs23LaF1YHANVKnWpump",
      "chain": "solana",
      "symbol": "TKNZ",
      "name": "TKNZ",
      "logo_url": "https://www.iconaves.com/ipfs/pump/AfyDiEptGHEDgD69y56XjNSbTs23LaF1YHANVKnWpump_147.webp",
      "current_price_usd": 0.0010985709690582146,
      "price_change_24h": -46.67,
      "tx_volume_u_24h": 927911.155631,
      "holders": 1521,
      "market_cap": "1098550.0391315780587555390782222",
      "fdv": "1098550.0391315780587555390782222",
      "risk_score": "0"
    },
    {
      "token": "G1jydhghPMLBXRFPR3wyJ9HbpKPR3Rv7M8Yakfo5pump",
      "chain": "solana",
      "symbol": "stickman",
      "name": "stickman",
      "logo_url": "https://www.iconaves.com/ipfs/pump/G1jydhghPMLBXRFPR3wyJ9HbpKPR3Rv7M8Yakfo5pump_147.webp",
      "current_price_usd": 0.0005477943653194916,
      "price_change_24h": 10.9,
      "tx_volume_u_24h": 922558.100787,
      "holders": 4457,
      "market_cap": "547794.3653194916000000000",
      "fdv": "547794.3653194916000000000",
      "risk_score": "0"
    },
    {
      "token": "JmMRbLcKgNCu17yHZDAn4strE5NjmWJ4pCeJ7s7boop",
      "chain": "solana",
      "symbol": "Boopa",
      "name": "Boopa",
      "logo_url": "https://www.iconaves.com/token_icon/solana/JmMRbLcKgNCu17yHZDAn4strE5NjmWJ4pCeJ7s7boop.png",
      "current_price_usd": 0.002995674568214822,
      "price_change_24h": -9.73,
      "tx_volume_u_24h": 901412.78827,
      "holders": 10222,
      "market_cap": "2976965.33659290543752052007780396",
      "fdv": "2976965.33659290543752052007780396",
      "risk_score": "40"
    },
    {
      "token": "4FkNq8RcCYg4ZGDWh14scJ7ej3m5vMjYTcWoJVkupump",
      "chain": "solana",
      "symbol": "LUMO",
      "name": "LUMO",
      "logo_url": "https://www.iconaves.com/ipfs/pump/4FkNq8RcCYg4ZGDWh14scJ7ej3m5vMjYTcWoJVkupump.png",
      "current_price_usd": 0.006115857791051477,
      "price_change_24h": -8.73,
      "tx_volume_u_24h": 866908.471037,
      "holders": 9310,
      "market_cap": "6115758.282336058927636728126086",
      "fdv": "6115758.282336058927636728126086",
      "risk_score": "40"
    },
    {
      "token": "F9TgEJLLRUKDRF16HgjUCdJfJ5BK6ucyiW8uJxVPpump",
      "chain": "solana",
      "symbol": "AGiXT",
      "name": "AGiXT",
      "logo_url": "https://www.iconaves.com/ipfs/pump/F9TgEJLLRUKDRF16HgjUCdJfJ5BK6ucyiW8uJxVPpump.png",
      "current_price_usd": 0.005591603248002558,
      "price_change_24h": -21.04,
      "tx_volume_u_24h": 866093.537503,
      "holders": 7652,
      "market_cap": "5172188.669395764846248535091974",
      "fdv": "5172188.669395764846248535091974",
      "risk_score": "40"
    },
    {
      "token": "2z1p8xCEjRzpBHjXWrx4tJnz7BFL6z7NnvbCxH7bpump",
      "chain": "solana",
      "symbol": "San",
      "name": "San",
      "logo_url": "https://www.iconaves.com/ipfs/pump/2z1p8xCEjRzpBHjXWrx4tJnz7BFL6z7NnvbCxH7bpump.png",
      "current_price_usd": 0.01082648811175408,
      "price_change_24h": 18.91,
      "tx_volume_u_24h": 816911.552482,
      "holders": 5448,
      "market_cap": "10198214.80728063782818733405520",
      "fdv": "10198214.80728063782818733405520",
      "risk_score": "40"
    },
    {
      "token": "9zNQRsGLjNKwCUU5Gq5LR8beUCPzQMVMqKAi3SSZh54u",
      "chain": "solana",
      "symbol": "FDUSD",
      "name": "FDUSD",
      "logo_url": "https://www.iconaves.com/token_icon/solana/9zNQRsGLjNKwCUU5Gq5LR8beUCPzQMVMqKAi3SSZh54u.png",
      "current_price_usd": 0.998394918728252,
      "price_change_24h": 0.01,
      "tx_volume_u_24h": 814158.709512,
      "holders": 3114,
      "market_cap": "103838395.886656454334482572808",
      "fdv": "103838395.886656454334482572808",
      "risk_score": "20"
    },
    {
      "token": "6bdTRHhdZenJQYLTxaYc8kH74GBNP9DoGhPnCjfypump",
      "chain": "solana",
      "symbol": "fog",
      "name": "fog",
      "logo_url": "https://www.iconaves.com/ipfs/pump/6bdTRHhdZenJQYLTxaYc8kH74GBNP9DoGhPnCjfypump_147.webp",
      "current_price_usd": 0.0009064067787198611,
      "price_change_24h": 229.24,
      "tx_volume_u_24h": 812443.174435,
      "holders": 4263,
      "market_cap": "906406.7787198611000000000",
      "fdv": "906406.7787198611000000000",
      "risk_score": "0"
    },
    {
      "token": "hqYtLoxviwGENvogcJ5324YTbYqW5H9LHtmQu5Jbonk",
      "chain": "solana",
      "symbol": "BONKAI",
      "name": "BONKAI",
      "logo_url": "https://www.iconaves.com/ipfs/bonk/hqYtLoxviwGENvogcJ5324YTbYqW5H9LHtmQu5Jbonk_147_20250430130029.webp",
      "current_price_usd": 0.0019268256337120321,
      "price_change_24h": -30.08,
      "tx_volume_u_24h": 804634.291739,
      "holders": 1514,
      "market_cap": "1926795.2532157321012466576634682",
      "fdv": "1926795.2532157321012466576634682",
      "risk_score": "40"
    },
    {
      "token": "66ce7iZ5uqnVbh4Rt5wChHWyVfUvv1LJrBo8o214pump",
      "chain": "solana",
      "symbol": "EZ",
      "name": "EZ",
      "logo_url": "https://www.iconaves.com/token_icon_solana/solana/66ce7iZ5uqnVbh4Rt5wChHWyVfUvv1LJrBo8o214pump.png",
      "current_price_usd": 0.0019511565445976802,
      "price_change_24h": 2.68,
      "tx_volume_u_24h": 789404.528262,
      "holders": 3215,
      "market_cap": "1950801.2864308374963343377673896",
      "fdv": "1950801.2864308374963343377673896",
      "risk_score": "40"
    },
    {
      "token": "C3Tqmrgp7oKE6x5TmZaig5nVV4EPnQcw2BZyVRXboop",
      "chain": "solana",
      "symbol": "SLUB",
      "name": "SLUB",
      "logo_url": "https://www.iconaves.com/boop/solana/C3Tqmrgp7oKE6x5TmZaig5nVV4EPnQcw2BZyVRXboop_147.webp",
      "current_price_usd": 0.0003875856265128881,
      "price_change_24h": 33.73,
      "tx_volume_u_24h": 761143.49874,
      "holders": 1710,
      "market_cap": "387585.6265128881000000000",
      "fdv": "387585.6265128881000000000",
      "risk_score": "40"
    },
    {
      "token": "HtrvP4fG9KiFqFeu4f32RuZiwG3nmYwPkPZ61nAbpump",
      "chain": "solana",
      "symbol": "PHARMA",
      "name": "PHARMA",
      "logo_url": "https://www.iconaves.com/ipfs/pump/HtrvP4fG9KiFqFeu4f32RuZiwG3nmYwPkPZ61nAbpump.png",
      "current_price_usd": 0.0005664921700742824,
      "price_change_24h": -62.76,
      "tx_volume_u_24h": 754438.465734,
      "holders": 1714,
      "market_cap": "566489.2066513166911106550449504",
      "fdv": "566489.2066513166911106550449504",
      "risk_score": "0"
    },
    {
      "token": "3B5wuUrMEi5yATD7on46hKfej3pfmd7t1RKgrsN3pump",
      "chain": "solana",
      "symbol": "BILLY",
      "name": "BILLY",
      "logo_url": "https://www.iconaves.com/token_icon_solana/solana/3B5wuUrMEi5yATD7on46hKfej3pfmd7t1RKgrsN3pump.png",
      "current_price_usd": 0.0058044854947807865,
      "price_change_24h": -20.34,
      "tx_volume_u_24h": 753961.161556,
      "holders": 34761,
      "market_cap": "5705258.9065152304664743786727380",
      "fdv": "5705258.9065152304664743786727380",
      "risk_score": "40"
    },
    {
      "token": "FvgqHMfL9yn39V79huDPy3YUNDoYJpuLWng2JfmQpump",
      "chain": "solana",
      "symbol": "$URO",
      "name": "Urolithin A",
      "logo_url": "https://www.iconaves.com/token_icon/solana/FvgqHMfL9yn39V79huDPy3YUNDoYJpuLWng2JfmQpump.png",
      "current_price_usd": 0.004133940779505722,
      "price_change_24h": 13.11,
      "tx_volume_u_24h": 753197.657123,
      "holders": 17935,
      "market_cap": "4131995.188341263060672818544714",
      "fdv": "4131995.188341263060672818544714",
      "risk_score": "40"
    },
    {
      "token": "8oosbx7jJrZxm5m4ThKhBpvwwG4QpoAe6i4GiG19pump",
      "chain": "solana",
      "symbol": "Wizard",
      "name": "Wizard",
      "logo_url": "https://www.iconaves.com/ipfs/pump/8oosbx7jJrZxm5m4ThKhBpvwwG4QpoAe6i4GiG19pump.png",
      "current_price_usd": 0.0015744042240145003,
      "price_change_24h": -5.05,
      "tx_volume_u_24h": 742462.032262,
      "holders": 6700,
      "market_cap": "1574167.7948521935663488523038201",
      "fdv": "1574167.7948521935663488523038201",
      "risk_score": "40"
    },
    {
      "token": "3HfLqhtF5hR5dyBXh6BMtRaTm9qzStvEGuMa8Gx6pump",
      "chain": "solana",
      "symbol": "buidl",
      "name": "buidl",
      "logo_url": "",
      "current_price_usd": 0.002189743341096102,
      "price_change_24h": -28.08,
      "tx_volume_u_24h": 733942.96505,
      "holders": 1888,
      "market_cap": "2189676.935237187352479258952656",
      "fdv": "2189676.935237187352479258952656",
      "risk_score": "40"
    },
    {
      "token": "7oBYdEhV4GkXC19ZfgAvXpJWp2Rn9pm1Bx2cVNxFpump",
      "chain": "solana",
      "symbol": "CAR",
      "name": "CAR",
      "logo_url": "https://www.iconaves.com/ipfs/pump/7oBYdEhV4GkXC19ZfgAvXpJWp2Rn9pm1Bx2cVNxFpump.png",
      "current_price_usd": 0.02009429249480275,
      "price_change_24h": 37.03,
      "tx_volume_u_24h": 731836.666404,
      "holders": 17887,
      "market_cap": "20093652.30127591649772509344700",
      "fdv": "20093652.30127591649772509344700",
      "risk_score": "40"
    },
    {
      "token": "GiG7Hr61RVm4CSUxJmgiCoySFQtdiwxtqf64MsRppump",
      "chain": "solana",
      "symbol": "SCF",
      "name": "SCF",
      "logo_url": "https://www.iconaves.com/token_icon_solana/solana/GiG7Hr61RVm4CSUxJmgiCoySFQtdiwxtqf64MsRppump_20240723005914.png",
      "current_price_usd": 0.011482520990178416,
      "price_change_24h": -16.42,
      "tx_volume_u_24h": 728128.942864,
      "holders": 23165,
      "market_cap": "11480779.558469207277881177005792",
      "fdv": "11480779.558469207277881177005792",
      "risk_score": "40"
    },
    {
      "token": "8XtRWb4uAAJFMP4QQhoYYCWR6XXb7ybcCdiqPwz9s5WS",
      "chain": "solana",
      "symbol": "ALON",
      "name": "ALON",
      "logo_url": "",
      "current_price_usd": 0.0068281521539594586,
      "price_change_24h": -0.57,
      "tx_volume_u_24h": 724392.014187,
      "holders": 15891,
      "market_cap": "6814044.4122582667494714152320536",
      "fdv": "6814044.4122582667494714152320536",
      "risk_score": "40"
    },
    {
      "token": "FTBq3w9gCv27E451DV6w8AbUjBQbyVxxj1ZaYEYepump",
      "chain": "solana",
      "symbol": "Omega‎X",
      "name": "Omega‎X",
      "logo_url": "https://www.iconaves.com/token_icon_request/67a2a15077506c2e1e265c57_1738711376.png",
      "current_price_usd": 0.0014936590637121422,
      "price_change_24h": 394.75,
      "tx_volume_u_24h": 717589.397229,
      "holders": 5494,
      "market_cap": "1493376.7940559763648824386366944",
      "fdv": "1493376.7940559763648824386366944",
      "risk_score": "40"
    },
    {
      "token": "HohL7oPEpzekWsWiDSa1ewohT92QZyumWnUqiUQKq6SK",
      "chain": "solana",
      "symbol": "MYKU",
      "name": "MYKU",
      "logo_url": "https://www.iconaves.com/token_icon/solana/HohL7oPEpzekWsWiDSa1ewohT92QZyumWnUqiUQKq6SK.png",
      "current_price_usd": 0.0010913795318526604,
      "price_change_24h": 1.2,
      "tx_volume_u_24h": 693210.924791,
      "holders": 1210,
      "market_cap": "1091368.5636843527647632726817040812",
      "fdv": "1091368.5636843527647632726817040812",
      "risk_score": "55"
    },
    {
      "token": "GWsmnVgPUoY5z9sNj5phRZbFWEY8M8WAjGZEvhCwbonk",
      "chain": "solana",
      "symbol": "GOD",
      "name": "GOD",
      "logo_url": "https://www.iconaves.com/ipfs/bonk/GWsmnVgPUoY5z9sNj5phRZbFWEY8M8WAjGZEvhCwbonk_147_20250510232811.webp",
      "current_price_usd": 0.0002336410112719732,
      "price_change_24h": -28.35,
      "tx_volume_u_24h": 691685.501795,
      "holders": 1997,
      "market_cap": "233641.0112719732000000000",
      "fdv": "233641.0112719732000000000",
      "risk_score": "40"
    },
    {
      "token": "864YJRb3JAVARC4FNuDtPKFxdEsYRbB39Nwxkzudxy46",
      "chain": "solana",
      "symbol": "HABIBI",
      "name": "HABIBI",
      "logo_url": "https://www.iconaves.com/token_icon_solana/solana/864YJRb3JAVARC4FNuDtPKFxdEsYRbB39Nwxkzudxy46.png",
      "current_price_usd": 0.0033130808492452353,
      "price_change_24h": 69.63,
      "tx_volume_u_24h": 691127.710072,
      "holders": 17797,
      "market_cap": "3312709.7567935850489060017667694",
      "fdv": "3312709.7567935850489060017667694",
      "risk_score": "40"
    },
    {
      "token": "5SVG3T9CNQsm2kEwzbRq6hASqh1oGfjqTtLXYUibpump",
      "chain": "solana",
      "symbol": "SIGMA",
      "name": "SIGMA",
      "logo_url": "https://www.iconaves.com/token_icon_solana/solana/5SVG3T9CNQsm2kEwzbRq6hASqh1oGfjqTtLXYUibpump.png",
      "current_price_usd": 0.023814452904416743,
      "price_change_24h": -12.67,
      "tx_volume_u_24h": 690082.604905,
      "holders": 28512,
      "market_cap": "21428858.022226343145809012752724",
      "fdv": "21428858.022226343145809012752724",
      "risk_score": "40"
    },
    {
      "token": "CBdCxKo9QavR9hfShgpEBG3zekorAeD7W1jfq2o3pump",
      "chain": "solana",
      "symbol": "LUCE",
      "name": "LUCE",
      "logo_url": "https://www.iconaves.com/token_icon_request/6720e9bb728dd5069f2246fb_1730210577.png",
      "current_price_usd": 0.010388393820024776,
      "price_change_24h": -3.9,
      "tx_volume_u_24h": 689398.424023,
      "holders": 43659,
      "market_cap": "10388203.761939052011630346498272",
      "fdv": "10388203.761939052011630346498272",
      "risk_score": "40"
    },
    {
      "token": "CnGb7hJsGdsFyQP2uXNWrUgT5K1tovBA3mNnUZcTpump",
      "chain": "solana",
      "symbol": "flork",
      "name": "flork",
      "logo_url": "https://www.iconaves.com/ipfs/pump/CnGb7hJsGdsFyQP2uXNWrUgT5K1tovBA3mNnUZcTpump.png",
      "current_price_usd": 0.004369747182606639,
      "price_change_24h": 17.96,
      "tx_volume_u_24h": 689132.706164,
      "holders": 13512,
      "market_cap": "4101885.847226831594093977913766",
      "fdv": "4101885.847226831594093977913766",
      "risk_score": "40"
    },
    {
      "token": "GkeUTuaFB4oZADaqiCo3yauHNx9SxUNn8euHptEEbonk",
      "chain": "solana",
      "symbol": "Grassito",
      "name": "Grassito",
      "logo_url": "https://www.iconaves.com/ipfs/bonk/GkeUTuaFB4oZADaqiCo3yauHNx9SxUNn8euHptEEbonk.png",
      "current_price_usd": 0.000001281411981370635,
      "price_change_24h": 25.69,
      "tx_volume_u_24h": 684531.070507,
      "holders": 5394,
      "market_cap": "532300.976383872256319114971453755",
      "fdv": "532300.976383872256319114971453755",
      "risk_score": "40"
    },
    {
      "token": "SENDdRQtYMWaQrBroBrJ2Q53fgVuq95CV9UPGEvpCxa",
      "chain": "solana",
      "symbol": "SEND",
      "name": "SEND",
      "logo_url": "https://www.iconaves.com/token_icon_solana/solana/SENDdRQtYMWaQrBroBrJ2Q53fgVuq95CV9UPGEvpCxa.png",
      "current_price_usd": 0.018881343208229626,
      "price_change_24h": -1.06,
      "tx_volume_u_24h": 668621.574633,
      "holders": 15687,
      "market_cap": "18873953.122752652605429359954654",
      "fdv": "18873953.122752652605429359954654",
      "risk_score": "55"
    },
    {
      "token": "HUdqc5MR5h3FssESabPnQ1GTgTcPvnNudAuLj5J6a9sU",
      "chain": "solana",
      "symbol": "BONGO",
      "name": "BONGO",
      "logo_url": "https://www.iconaves.com/token_icon_request/6772b0b891a2c385c4bac17f_1735569592.png",
      "current_price_usd": 0.013057036623531556,
      "price_change_24h": -17.62,
      "tx_volume_u_24h": 656683.855496,
      "holders": 14749,
      "market_cap": "13053240.520368088845314420317012220",
      "fdv": "13053240.520368088845314420317012220",
      "risk_score": "40"
    },
    {
      "token": "SonicxvLud67EceaEzCLRnMTBqzYUUYNr93DBkBdDES",
      "chain": "solana",
      "symbol": "SONIC",
      "name": "SONIC",
      "logo_url": "https://www.iconaves.com/token_icon_solana/solana/SonicxvLud67EceaEzCLRnMTBqzYUUYNr93DBkBdDES.png",
      "current_price_usd": 0.3188017626757286,
      "price_change_24h": -3.91,
      "tx_volume_u_24h": 651130.789055,
      "holders": 45112,
      "market_cap": "765124019.4869622590584087876296104",
      "fdv": "765124019.4869622590584087876296104",
      "risk_score": "55"
    },
    {
      "token": "8wXtPeU6557ETkp9WHFY1n1EcU6NxDvbAggHGsMYiHsB",
      "chain": "solana",
      "symbol": "GME",
      "name": "GME",
      "logo_url": "https://www.iconaves.com/token_icon_solana/solana/8wXtPeU6557ETkp9WHFY1n1EcU6NxDvbAggHGsMYiHsB.png",
      "current_price_usd": 0.002138162023692556,
      "price_change_24h": -5.14,
      "tx_volume_u_24h": 649953.547294,
      "holders": 48318,
      "market_cap": "14712986.923579818560172409896427292",
      "fdv": "14712986.923579818560172409896427292",
      "risk_score": "40"
    },
    {
      "token": "5HkhVG2bSb5PGjhX5QHm9urUquD7tx5eAau5Fonq78zc",
      "chain": "solana",
      "symbol": "KOKOK",
      "name": "KOKOK",
      "logo_url": "",
      "current_price_usd": 0.026243892856522722,
      "price_change_24h": 11.13,
      "tx_volume_u_24h": 642368.181218,
      "holders": 1314,
      "market_cap": "5248723.687141232076752275178932986",
      "fdv": "5248723.687141232076752275178932986",
      "risk_score": "40"
    },
    {
      "token": "5LJMJyR8MtAkbtpf8kFUV7S9oFG3xaGDdcnFxYt9pump",
      "chain": "solana",
      "symbol": "FAT",
      "name": "FAT",
      "logo_url": "https://www.iconaves.com/ipfs/pump/5LJMJyR8MtAkbtpf8kFUV7S9oFG3xaGDdcnFxYt9pump.png",
      "current_price_usd": 0.006139458859033578,
      "price_change_24h": -29.04,
      "tx_volume_u_24h": 631485.701469,
      "holders": 13792,
      "market_cap": "6138817.987067413882547410782906",
      "fdv": "6138817.987067413882547410782906",
      "risk_score": "40"
    },
    {
      "token": "DvjbEsdca43oQcw2h3HW1CT7N3x5vRcr3QrvTUHnXvgV",
      "chain": "solana",
      "symbol": "DOOD",
      "name": "DOOD",
      "logo_url": "https://www.iconaves.com/token_icon_solana/solana/DvjbEsdca43oQcw2h3HW1CT7N3x5vRcr3QrvTUHnXvgV.png",
      "current_price_usd": 0.005638527714285714,
      "price_change_24h": -6.21,
      "tx_volume_u_24h": 631314.544274,
      "holders": 152754,
      "market_cap": "56385277.142857140000000000",
      "fdv": "56385277.142857140000000000",
      "risk_score": "55"
    },
    {
      "token": "5241BVJpTDscdFM5bTmeuchBcjXN5sasBywyF7onkJZP",
      "chain": "solana",
      "symbol": "PUFF",
      "name": "PUFF",
      "logo_url": "https://www.iconaves.com/ipfs/pump/5241BVJpTDscdFM5bTmeuchBcjXN5sasBywyF7onkJZP.png",
      "current_price_usd": 0.00793913935730461,
      "price_change_24h": -13.04,
      "tx_volume_u_24h": 627458.528647,
      "holders": 2543,
      "market_cap": "7939131.55499849484271885481314",
      "fdv": "7939131.55499849484271885481314",
      "risk_score": "40"
    },
    {
      "token": "Fc7tEqyfHPoWQXdiAqx62d7WeuH7Zq1DHwa2ihDpump",
      "chain": "solana",
      "symbol": "CODE",
      "name": "CODE",
      "logo_url": "https://www.iconaves.com/ipfs/pump/Fc7tEqyfHPoWQXdiAqx62d7WeuH7Zq1DHwa2ihDpump.png",
      "current_price_usd": 0.0005855336889069498,
      "price_change_24h": -4.09,
      "tx_volume_u_24h": 626816.716948,
      "holders": 1150,
      "market_cap": "585530.4567789131475229902681270",
      "fdv": "585530.4567789131475229902681270",
      "risk_score": "0"
    },
    {
      "token": "5bKxjcJLsz2kpQ2jD9DfqbBJSRpw68sdoAUV2rUibonk",
      "chain": "solana",
      "symbol": "IBG",
      "name": "IBG",
      "logo_url": "https://www.iconaves.com/ipfs/bonk/5bKxjcJLsz2kpQ2jD9DfqbBJSRpw68sdoAUV2rUibonk_147_20250512111253.webp",
      "current_price_usd": 0.00024527624695603863,
      "price_change_24h": 71.93,
      "tx_volume_u_24h": 626684.428045,
      "holders": 2431,
      "market_cap": "245276.24695603863000000000",
      "fdv": "245276.24695603863000000000",
      "risk_score": "40"
    },
    {
      "token": "34a8ALsPmbWxp7D3bQ6erERrCLz1ahr6u6o66Udmpump",
      "chain": "solana",
      "symbol": "PESTO",
      "name": "PESTO",
      "logo_url": "https://www.iconaves.com/token_icon/solana/34a8ALsPmbWxp7D3bQ6erERrCLz1ahr6u6o66Udmpump.png",
      "current_price_usd": 0.0012022685497412014,
      "price_change_24h": -13.97,
      "tx_volume_u_24h": 622972.910431,
      "holders": 10901,
      "market_cap": "1202125.0217512058376173840581614",
      "fdv": "1202125.0217512058376173840581614",
      "risk_score": "40"
    },
    {
      "token": "BD78uBLz87HSw77mSt3zCTkxpFgBE2HJuaM8c4Es1ray",
      "chain": "solana",
      "symbol": "MOONUT",
      "name": "MOONUT",
      "logo_url": "https://www.iconaves.com/ipfs/bonk/BD78uBLz87HSw77mSt3zCTkxpFgBE2HJuaM8c4Es1ray_147_20250512164216.webp",
      "current_price_usd": 0.00004036658973461077,
      "price_change_24h": -47.11,
      "tx_volume_u_24h": 621056.629834,
      "holders": 2967,
      "market_cap": "40366.58973461077000000000",
      "fdv": "40366.58973461077000000000",
      "risk_score": "40"
    }
  ],
  "timestamp": 1747244890871
}