{
  "data": [
    {
      "token": "0x774eaf7a53471628768dc679da945847d34b9a55",
      "chain": "eth",
      "symbol": "GASS",
      "name": "GASS",
      "logo_url": "https://www.iconaves.com/token_icon_request/6823b7a2d3841d0bf528f21d_1747171234.png",
      "current_price_usd": 4.844831981694383e-9,
      "price_change_24h": 75835.67,
      "tx_volume_u_24h": 2687566.809465,
      "holders": 1318,
      "market_cap": "2038172.366379009984270000000000",
      "fdv": "2038172.366379009984270000000000",
      "risk_score": "55"
    },
    {
      "token": "7Gg6J1nkHLVV2TMqhVGHS1BrYycDmLoux9R3GSy2pump",
      "chain": "solana",
      "symbol": "CMD",
      "name": "CMD",
      "logo_url": "https://www.iconaves.com/ipfs/pump/7Gg6J1nkHLVV2TMqhVGHS1BrYycDmLoux9R3GSy2pump_147.webp",
      "current_price_usd": 0.010713551812828034,
      "price_change_24h": 13889.51,
      "tx_volume_u_24h": 12824904.565621,
      "holders": 1050,
      "market_cap": "10713551.812828034000000000",
      "fdv": "10713551.812828034000000000",
      "risk_score": "0"
    },
    {
      "token": "8V6pDEmXV3iKC3nVjDUeDqMPBrTq8y69EovCxTokyyFd",
      "chain": "solana",
      "symbol": "UBER",
      "name": "UBER",
      "logo_url": "",
      "current_price_usd": 0.010002841160665169,
      "price_change_24h": 12774.16,
      "tx_volume_u_24h": 25426115.501581,
      "holders": 4778,
      "market_cap": "10002841.160665169000000000",
      "fdv": "10002841.160665169000000000",
      "risk_score": "55"
    },
    {
      "token": "8yxD7uSEyEKpJqaSiunworBFzirAsRXKNjD2X1mdbonk",
      "chain": "solana",
      "symbol": "Glonk",
      "name": "Glonk",
      "logo_url": "https://www.iconaves.com/ipfs/bonk/8yxD7uSEyEKpJqaSiunworBFzirAsRXKNjD2X1mdbonk_147_20250513230238.webp",
      "current_price_usd": 0.00468033593248158,
      "price_change_24h": 6920.85,
      "tx_volume_u_24h": 81637231.164003,
      "holders": 8821,
      "market_cap": "4680335.93248158000000000",
      "fdv": "4680335.93248158000000000",
      "risk_score": "0"
    },
    {
      "token": "4PYijC1Xas63cxdoYnUg7SQgcg23UgNNcPmvbj6KNUSz",
      "chain": "solana",
      "symbol": "BSCREENER",
      "name": "BSCREENER",
      "logo_url": "https://www.iconaves.com/token_icon/solana/4PYijC1Xas63cxdoYnUg7SQgcg23UgNNcPmvbj6KNUSz.png",
      "current_price_usd": 0.00516594478156281,
      "price_change_24h": 6004.32,
      "tx_volume_u_24h": 53302322.708354,
      "holders": 5261,
      "market_cap": "5165944.78156281000000000",
      "fdv": "5165944.78156281000000000",
      "risk_score": "55"
    },
    {
      "token": "DzN1qkcRdsxQRFb9yVvz73Fnu6SbD3f5oJgArVdx7Nzc",
      "chain": "solana",
      "symbol": "UNICORN",
      "name": "UNICORN",
      "logo_url": "",
      "current_price_usd": 0.003870577923210393,
      "price_change_24h": 5168.19,
      "tx_volume_u_24h": 19596633.04387,
      "holders": 3316,
      "market_cap": "3870577.923210393000000000",
      "fdv": "3870577.923210393000000000",
      "risk_score": "55"
    },
    {
      "token": "0xd9a71f58761ef191834042561c3d02ab0c1375f3",
      "chain": "bsc",
      "symbol": "DeepSeek",
      "name": "DeepSeek",
      "logo_url": "https://www.iconaves.com/token_icon_request/682479e189bf5f167ad066fc_1747220961.png",
      "current_price_usd": 23.633043240618665,
      "price_change_24h": 5093.27,
      "tx_volume_u_24h": 30577216.696359,
      "holders": 15121,
      "market_cap": "4608443.4319206396750000",
      "fdv": "4608443.4319206396750000",
      "risk_score": "40"
    },
    {
      "token": "7Tx8qTXSakpfaSFjdztPGQ9n2uyT1eUkYz7gYxxopump",
      "chain": "solana",
      "symbol": "ASSDAQ",
      "name": "ASSDAQ",
      "logo_url": "https://www.iconaves.com/ipfs/pump/7Tx8qTXSakpfaSFjdztPGQ9n2uyT1eUkYz7gYxxopump_147.webp",
      "current_price_usd": 0.002683929937742481,
      "price_change_24h": 3517.98,
      "tx_volume_u_24h": 9348523.990592,
      "holders": 3962,
      "market_cap": "2683929.937742481000000000",
      "fdv": "2683929.937742481000000000",
      "risk_score": "0"
    },
    {
      "token": "GvRf47WPg9uaYcyXEs5UxHL2D39P7yTByBDrQcyMk5wg",
      "chain": "solana",
      "symbol": "ZEUZ",
      "name": "ZEUZ",
      "logo_url": "",
      "current_price_usd": 0.002211669482055602,
      "price_change_24h": 2669.64,
      "tx_volume_u_24h": 13332273.922565,
      "holders": 3714,
      "market_cap": "2211669.482055602000000000",
      "fdv": "2211669.482055602000000000",
      "risk_score": "55"
    },
    {
      "token": "7PmWiv3aAvo18DqH1na3Ejkqa3uudobSWGv4BMkCb4YN",
      "chain": "solana",
      "symbol": "LIFECOIN",
      "name": "LIFECOIN",
      "logo_url": "",
      "current_price_usd": 0.013861593426307087,
      "price_change_24h": 2565.77,
      "tx_volume_u_24h": 20585522.002176,
      "holders": 5172,
      "market_cap": "13861593.426307087000000000",
      "fdv": "13861593.426307087000000000",
      "risk_score": "55"
    },
    {
      "token": "CGam4YseUdfGQA3r4EJKrkTQRtE1JUit9tyopaG85HZa",
      "chain": "solana",
      "symbol": "XCCOM",
      "name": "XCCOM",
      "logo_url": "",
      "current_price_usd": 0.001983791812779955,
      "price_change_24h": 2513.15,
      "tx_volume_u_24h": 24577505.226838,
      "holders": 1687,
      "market_cap": "1983791.812779955000000000",
      "fdv": "1983791.812779955000000000",
      "risk_score": "55"
    },
    {
      "token": "FawYZeJw45H6tGD2Uf2omwNxDc63xXqufb3Spen7gHRT",
      "chain": "solana",
      "symbol": "MCW",
      "name": "MCW",
      "logo_url": "",
      "current_price_usd": 0.011982842940491909,
      "price_change_24h": 2484.89,
      "tx_volume_u_24h": 11305622.695982,
      "holders": 3213,
      "market_cap": "11982842.940491909000000000",
      "fdv": "11982842.940491909000000000",
      "risk_score": "55"
    },
    {
      "token": "GEKjZKJZgQTCbi9evTW2GmhyamH3sq6Lid9dQMWqEcCY",
      "chain": "solana",
      "symbol": "WONDER",
      "name": "WONDER",
      "logo_url": "",
      "current_price_usd": 0.0019893679597991734,
      "price_change_24h": 2389.82,
      "tx_volume_u_24h": 6117132.405027,
      "holders": 1352,
      "market_cap": "1989367.9597991734000000000",
      "fdv": "1989367.9597991734000000000",
      "risk_score": "55"
    },
    {
      "token": "CuXmQvh4DVTdWBdC2d3pNq8UXqbKJ3w9RPBTAALcKcTb",
      "chain": "solana",
      "symbol": "DIRA",
      "name": "DIRA",
      "logo_url": "",
      "current_price_usd": 0.0017100880921660146,
      "price_change_24h": 2033.95,
      "tx_volume_u_24h": 7091915.555799,
      "holders": 2163,
      "market_cap": "1710088.0921660146000000000",
      "fdv": "1710088.0921660146000000000",
      "risk_score": "55"
    },
    {
      "token": "EGKuQp7wYBCMc1TodN9NLWxnMMHwrg2w9nCPC3BUfUXy",
      "chain": "solana",
      "symbol": "SIGNAL",
      "name": "SIGNAL",
      "logo_url": "",
      "current_price_usd": 0.0015196098984921905,
      "price_change_24h": 1799.94,
      "tx_volume_u_24h": 7683804.271648,
      "holders": 2608,
      "market_cap": "1519609.8984921905000000000",
      "fdv": "1519609.8984921905000000000",
      "risk_score": "55"
    },
    {
      "token": "6n47BmkY99wdF86GqxDWAH8YCXhmea58kYL85qS67L43",
      "chain": "solana",
      "symbol": "DAL",
      "name": "DAL",
      "logo_url": "",
      "current_price_usd": 0.6528065540901293,
      "price_change_24h": 1498.55,
      "tx_volume_u_24h": 24422126.479425,
      "holders": 6739,
      "market_cap": "13708937.6358927153000000",
      "fdv": "13708937.6358927153000000",
      "risk_score": "55"
    },
    {
      "token": "GUM5Vd4qe5kgTBHNfmLRaZSKKmYdAWxLJ18DY1Uzpump",
      "chain": "solana",
      "symbol": "Glonk",
      "name": "Glonk",
      "logo_url": "https://www.iconaves.com/ipfs/pump/GUM5Vd4qe5kgTBHNfmLRaZSKKmYdAWxLJ18DY1Uzpump_147.webp",
      "current_price_usd": 0.0007806663701991548,
      "price_change_24h": 924.39,
      "tx_volume_u_24h": 54457576.012364,
      "holders": 4132,
      "market_cap": "780666.3701991548000000000",
      "fdv": "780666.3701991548000000000",
      "risk_score": "0"
    },
    {
      "token": "5GNffsi7zcKFYWF1U1PXYb8eGuheqmwydwcuajzUTM33",
      "chain": "solana",
      "symbol": "DASHCOIN",
      "name": "DASHCOIN",
      "logo_url": "",
      "current_price_usd": 0.0008954604633529832,
      "price_change_24h": 870.82,
      "tx_volume_u_24h": 17516748.01365,
      "holders": 1567,
      "market_cap": "895460.4633529832000000000",
      "fdv": "895460.4633529832000000000",
      "risk_score": "55"
    },
    {
      "token": "Gg4CJSfz8Rf2ELKh4RC14eUiRNHVHsqj75AAm1H4PVSK",
      "chain": "solana",
      "symbol": "KNCT",
      "name": "KNCT",
      "logo_url": "",
      "current_price_usd": 0.0005571675329391732,
      "price_change_24h": 650.93,
      "tx_volume_u_24h": 5667881.523491,
      "holders": 1213,
      "market_cap": "557167.5329391732000000000",
      "fdv": "557167.5329391732000000000",
      "risk_score": "55"
    },
    {
      "token": "7RhcnEJ4Nz5BNkUg5V5vWZaGGiFgnTjEPvLFYLGfbonk",
      "chain": "solana",
      "symbol": "DOOM",
      "name": "DOOM",
      "logo_url": "https://www.iconaves.com/ipfs/bonk/7RhcnEJ4Nz5BNkUg5V5vWZaGGiFgnTjEPvLFYLGfbonk_147_20250513181424.webp",
      "current_price_usd": 0.000547910478163012,
      "price_change_24h": 604.61,
      "tx_volume_u_24h": 37387056.314195,
      "holders": 2942,
      "market_cap": "547910.478163012000000000",
      "fdv": "547910.478163012000000000",
      "risk_score": "0"
    },
    {
      "token": "FqARKWzVxCApBH3wYhz2JvscDKCTyTwvmA6WXeEjbonk",
      "chain": "solana",
      "symbol": "CYB",
      "name": "CYB",
      "logo_url": "https://www.iconaves.com/ipfs/bonk/FqARKWzVxCApBH3wYhz2JvscDKCTyTwvmA6WXeEjbonk_147_20250514031147.webp",
      "current_price_usd": 0.0005468443165386838,
      "price_change_24h": 590.13,
      "tx_volume_u_24h": 13725596.231623,
      "holders": 1989,
      "market_cap": "546844.3165386838000000000",
      "fdv": "546844.3165386838000000000",
      "risk_score": "0"
    },
    {
      "token": "6KTBGK2qcywE8ZDa5vSoiELETyMFM28pRFEi6DQRhYXx",
      "chain": "solana",
      "symbol": "LifeDiary",
      "name": "LifeDiary",
      "logo_url": "",
      "current_price_usd": 0.0028799546441308638,
      "price_change_24h": 588.33,
      "tx_volume_u_24h": 31979971.986229,
      "holders": 1333,
      "market_cap": "2879954.6441308638000000000",
      "fdv": "2879954.6441308638000000000",
      "risk_score": "55"
    },
    {
      "token": "Htmmgay1BuXMJPY7ZTwtyMKQGkSvsoXdJSAtQ3Z4pafu",
      "chain": "solana",
      "symbol": "LORA",
      "name": "LORA",
      "logo_url": "",
      "current_price_usd": 0.00199060381748355,
      "price_change_24h": 571.11,
      "tx_volume_u_24h": 21374535.883941,
      "holders": 2146,
      "market_cap": "0.00000000000000000",
      "fdv": "0.00000000000000000",
      "risk_score": "55"
    },
    {
      "token": "5hMJsZnGX7GEHxnQtFiwXbALUb9aV76A3LRqMBN6pump",
      "chain": "solana",
      "symbol": "APPLE",
      "name": "APPLE",
      "logo_url": "",
      "current_price_usd": 0.002493933069225122,
      "price_change_24h": 519.96,
      "tx_volume_u_24h": 17501435.676087,
      "holders": 3088,
      "market_cap": "2493933.069225122000000000",
      "fdv": "2493933.069225122000000000",
      "risk_score": "0"
    },
    {
      "token": "599Ny3oMiutVZ8j8c5NCxbsNXtwMybfpURtvmukd5YWA",
      "chain": "solana",
      "symbol": "DOGY",
      "name": "DOGY",
      "logo_url": "",
      "current_price_usd": 2.905006338112484e-7,
      "price_change_24h": 413.91,
      "tx_volume_u_24h": 2159308.630917,
      "holders": 4298,
      "market_cap": "290500.6338109578993661887516",
      "fdv": "290500.6338109578993661887516",
      "risk_score": "55"
    },
    {
      "token": "FTBq3w9gCv27E451DV6w8AbUjBQbyVxxj1ZaYEYepump",
      "chain": "solana",
      "symbol": "Omega‎X",
      "name": "Omega‎X",
      "logo_url": "https://www.iconaves.com/token_icon_request/67a2a15077506c2e1e265c57_1738711376.png",
      "current_price_usd": 0.001485805864569092,
      "price_change_24h": 392.15,
      "tx_volume_u_24h": 715673.995374,
      "holders": 5497,
      "market_cap": "1485525.078999807679509616350784",
      "fdv": "1485525.078999807679509616350784",
      "risk_score": "40"
    },
    {
      "token": "JB2wezZLdzWfnaCfHxLg193RS3Rh51ThiXxEDWQDpump",
      "chain": "solana",
      "symbol": "LABUBU",
      "name": "LABUBU",
      "logo_url": "https://www.iconaves.com/token_icon_request/6715f7ba8bd178cde8ede177_1729492923.png",
      "current_price_usd": 0.005211537156339117,
      "price_change_24h": 366.11,
      "tx_volume_u_24h": 4961338.529251,
      "holders": 5894,
      "market_cap": "5199846.653332055261159727914016",
      "fdv": "5199846.653332055261159727914016",
      "risk_score": "40"
    },
    {
      "token": "6bdTRHhdZenJQYLTxaYc8kH74GBNP9DoGhPnCjfypump",
      "chain": "solana",
      "symbol": "fog",
      "name": "fog",
      "logo_url": "https://www.iconaves.com/ipfs/pump/6bdTRHhdZenJQYLTxaYc8kH74GBNP9DoGhPnCjfypump_147.webp",
      "current_price_usd": 0.0012804843198991685,
      "price_change_24h": 361.43,
      "tx_volume_u_24h": 850566.951577,
      "holders": 4268,
      "market_cap": "1280484.3198991685000000000",
      "fdv": "1280484.3198991685000000000",
      "risk_score": "0"
    },
    {
      "token": "0x081131434f93063751813c619ecca9c4dc7862a3",
      "chain": "eth",
      "symbol": "DAR",
      "name": "DAR",
      "logo_url": "https://www.iconaves.com/token_icon/eth/0x081131434f93063751813c619ecca9c4dc7862a3.png",
      "current_price_usd": 0.22738620443186947,
      "price_change_24h": 323.07,
      "tx_volume_u_24h": 293697.705058,
      "holders": 2499,
      "market_cap": "89622739.86259108606272720533098",
      "fdv": "89622739.86259108606272720533098",
      "risk_score": "55"
    },
    {
      "token": "0x33349b282065b0284d756f0577fb39c158f935e6",
      "chain": "eth",
      "symbol": "MPL",
      "name": "Maple",
      "logo_url": "https://www.iconaves.com/token_icon/eth/0x33349b282065b0284d756f0577fb39c158f935e6.png",
      "current_price_usd": 12.47448104697296,
      "price_change_24h": 274.42,
      "tx_volume_u_24h": 34166.08754,
      "holders": 9206,
      "market_cap": "124744810.46972960000000",
      "fdv": "124744810.46972960000000",
      "risk_score": "40"
    },
    {
      "token": "56AD3j9APXAvVNpkxrzQDZqFhxmGjHdPmvKNLEUarX8r",
      "chain": "solana",
      "symbol": "Leo XIV",
      "name": "Leo XIV",
      "logo_url": "",
      "current_price_usd": 0.0019368519476088448,
      "price_change_24h": 229.29,
      "tx_volume_u_24h": 22442782.668374,
      "holders": 2532,
      "market_cap": "1936851.9476088448000000000",
      "fdv": "1936851.9476088448000000000",
      "risk_score": "55"
    },
    {
      "token": "0x23ce9e926048273ef83be0a3a8ba9cb6d45cd978",
      "chain": "bsc",
      "symbol": "DAR",
      "name": "DAR",
      "logo_url": "https://www.iconaves.com/token_icon/bsc/0x23ce9e926048273ef83be0a3a8ba9cb6d45cd978.png",
      "current_price_usd": 0.20160571471345262,
      "price_change_24h": 198.93,
      "tx_volume_u_24h": 176431.460333,
      "holders": 35191,
      "market_cap": "30426742.968068185686489402898500000",
      "fdv": "30426742.968068185686489402898500000",
      "risk_score": "55"
    },
    {
      "token": "0xc680eca227fc9ab21a9210e0eafeff9068a89327",
      "chain": "base",
      "symbol": "KARTEL",
      "name": "KARTEL",
      "logo_url": "https://www.iconaves.com/token_icon_request/680dae643c686acfe096bdb1_1745727076.png",
      "current_price_usd": 0.00290466656741774,
      "price_change_24h": 162.24,
      "tx_volume_u_24h": 75549.57576211306,
      "holders": 156243,
      "market_cap": "290466.65674177400000000",
      "fdv": "290466.65674177400000000",
      "risk_score": "40"
    },
    {
      "token": "0xc438b0c0e80a8fa1b36898d1b36a3fc2ec371c54",
      "chain": "base",
      "symbol": "BLEP",
      "name": "BLEP",
      "logo_url": "https://www.iconaves.com/token_icon_request/6764ff5b6c6c0414699d70d1_1734672220.png",
      "current_price_usd": 0.00036464903900022393,
      "price_change_24h": 161.2,
      "tx_volume_u_24h": 124470.181358,
      "holders": 571681,
      "market_cap": "364649.03900022136107271795986204566085030219",
      "fdv": "364649.03900022136107271795986204566085030219",
      "risk_score": "40"
    },
    {
      "token": "0xa6180029845469e89c507fe3eafedfa242687822",
      "chain": "eth",
      "symbol": "NEIRO",
      "name": "NEIRO",
      "logo_url": "https://www.iconaves.com/token_icon_request/66f100dc7b14e54c2aa709bf_1727070429.png",
      "current_price_usd": 4.4659883418942516e-10,
      "price_change_24h": 160.91,
      "tx_volume_u_24h": 215061.64389,
      "holders": 1062,
      "market_cap": "187879.66355514927056040000000000",
      "fdv": "187879.66355514927056040000000000",
      "risk_score": "55"
    },
    {
      "token": "9j6twpYWrV1ueJok76D9YK8wJTVoG9Zy8spC7wnTpump",
      "chain": "solana",
      "symbol": "urmom ",
      "name": "urmom ",
      "logo_url": "https://www.iconaves.com/ipfs/pump/9j6twpYWrV1ueJok76D9YK8wJTVoG9Zy8spC7wnTpump_147_20250505011853.webp",
      "current_price_usd": 0.0029855988450444423,
      "price_change_24h": 125.31,
      "tx_volume_u_24h": 4500987.313081,
      "holders": 5922,
      "market_cap": "2985598.8450444423000000000",
      "fdv": "2985598.8450444423000000000",
      "risk_score": "0"
    },
    {
      "token": "2VqtrBXmgkNa3oeJwgnBUdNL5yJhq8kddqYtPVGKbonk",
      "chain": "solana",
      "symbol": "FLOPPY",
      "name": "FLOPPY",
      "logo_url": "https://www.iconaves.com/ipfs/bonk/2VqtrBXmgkNa3oeJwgnBUdNL5yJhq8kddqYtPVGKbonk_147_20250513123906.webp",
      "current_price_usd": 0.0004362771723748067,
      "price_change_24h": 101.13,
      "tx_volume_u_24h": 9617325.532765,
      "holders": 2947,
      "market_cap": "436277.1723748067000000000",
      "fdv": "436277.1723748067000000000",
      "risk_score": "0"
    },
    {
      "token": "0x6985884c4392d348587b19cb9eaaf157f13271cd",
      "chain": "optimism",
      "symbol": "ZRO",
      "name": "ZRO",
      "logo_url": "https://www.iconaves.com/token_icon/optimism/0x6985884c4392d348587b19cb9eaaf157f13271cd.png",
      "current_price_usd": 3.102159191385135,
      "price_change_24h": 87.02,
      "tx_volume_u_24h": 28707.967114,
      "holders": 47875,
      "market_cap": "31.080132759951978882585",
      "fdv": "31.080132759951978882585",
      "risk_score": "40"
    },
    {
      "token": "0x2e3d870790dc77a83dd1d18184acc7439a53f475",
      "chain": "optimism",
      "symbol": "FRAX",
      "name": "FRAX",
      "logo_url": "https://www.iconaves.com/token_icon/optimism/0x2e3d870790dc77a83dd1d18184acc7439a53f475.png",
      "current_price_usd": 0.9752796940823667,
      "price_change_24h": 83.91,
      "tx_volume_u_24h": 39061.006632316785,
      "holders": 2801,
      "market_cap": "5096425.3529495705283995353943680543959348",
      "fdv": "5096425.3529495705283995353943680543959348",
      "risk_score": "55"
    },
    {
      "token": "0xf816507e690f5aa4e29d164885eb5fa7a5627860",
      "chain": "eth",
      "symbol": "RATO",
      "name": "RATO",
      "logo_url": "https://www.iconaves.com/token_icon/eth/0xf816507e690f5aa4e29d164885eb5fa7a5627860.png",
      "current_price_usd": 0.00005305407832952665,
      "price_change_24h": 79.37,
      "tx_volume_u_24h": 11886764.31001,
      "holders": 7298,
      "market_cap": "22319320.21244856638850000000",
      "fdv": "22319320.21244856638850000000",
      "risk_score": "55"
    },
    {
      "token": "0x56559bc5ead43f42326d82f7e32a4a7ef76482e1",
      "chain": "bsc",
      "symbol": "MECO",
      "name": "MECO",
      "logo_url": "https://www.iconaves.com/token_icon_request/6823515962b6077ed2e11ded_1747145049.png",
      "current_price_usd": 0.0007711953047718243,
      "price_change_24h": 79.25,
      "tx_volume_u_24h": 2021165.716827,
      "holders": 1392,
      "market_cap": "562972.57248343173900000000",
      "fdv": "771195.3047718243000000000",
      "risk_score": "40"
    },
    {
      "token": "0x8700daec35af8ff88c16bdf0418774cb3d7599b4",
      "chain": "optimism",
      "symbol": "SNX",
      "name": "SNX",
      "logo_url": "https://www.iconaves.com/token_icon/optimism/0x8700daec35af8ff88c16bdf0418774cb3d7599b4.png",
      "current_price_usd": 0.8682920636537171,
      "price_change_24h": 78.57,
      "tx_volume_u_24h": 346590.754416,
      "holders": 61445,
      "market_cap": "88844737.5216176344688158693398055184546121",
      "fdv": "88844737.5216176344688158693398055184546121",
      "risk_score": "40"
    },
    {
      "token": "CrghoogVHHk5EzYr4NSQKWrdutKpMyWXNwwLHCnmpump",
      "chain": "solana",
      "symbol": "Shine",
      "name": "Shine",
      "logo_url": "https://www.iconaves.com/ipfs/pump/CrghoogVHHk5EzYr4NSQKWrdutKpMyWXNwwLHCnmpump_147.webp",
      "current_price_usd": 0.00013397462554525535,
      "price_change_24h": 77.61,
      "tx_volume_u_24h": 6788156.840608,
      "holders": 1916,
      "market_cap": "133974.62554525535000000000",
      "fdv": "133974.62554525535000000000",
      "risk_score": "0"
    },
    {
      "token": "7tPPYTBKrFLKKnoCwijrsfjAYadyp7GpAmSPUbVwbonk",
      "chain": "solana",
      "symbol": "Petunia",
      "name": "Petunia",
      "logo_url": "https://www.iconaves.com/ipfs/bonk/7tPPYTBKrFLKKnoCwijrsfjAYadyp7GpAmSPUbVwbonk_147_20250512011813.webp",
      "current_price_usd": 0.004871076379991581,
      "price_change_24h": 77.31,
      "tx_volume_u_24h": 10752228.377629,
      "holders": 3844,
      "market_cap": "4871076.379991581000000000",
      "fdv": "4871076.379991581000000000",
      "risk_score": "40"
    },
    {
      "token": "0x208bf3e7da9639f1eaefa2de78c23396b0682025",
      "chain": "bsc",
      "symbol": "TAG",
      "name": "TAG",
      "logo_url": "https://www.iconaves.com/token_icon_request/67712cd0ddb0e902b91eccbd_1735470289.png",
      "current_price_usd": 0.00009374467209466446,
      "price_change_24h": 75.19,
      "tx_volume_u_24h": 370413.090479,
      "holders": 6427,
      "market_cap": "10383309.872680387052736000000000000000",
      "fdv": "10383309.872680387052736000000000000000",
      "risk_score": "50"
    },
    {
      "token": "5bKxjcJLsz2kpQ2jD9DfqbBJSRpw68sdoAUV2rUibonk",
      "chain": "solana",
      "symbol": "IBG",
      "name": "IBG",
      "logo_url": "https://www.iconaves.com/ipfs/bonk/5bKxjcJLsz2kpQ2jD9DfqbBJSRpw68sdoAUV2rUibonk_147_20250512111253.webp",
      "current_price_usd": 0.0002485047615631015,
      "price_change_24h": 73.23,
      "tx_volume_u_24h": 624502.095057,
      "holders": 2430,
      "market_cap": "248504.7615631015000000000",
      "fdv": "248504.7615631015000000000",
      "risk_score": "40"
    },
    {
      "token": "66gsTs88mXJ5L4AtJnWqFW6H2L5YQDRy4W41y6zbpump",
      "chain": "solana",
      "symbol": "YOUSIM",
      "name": "YOUSIM",
      "logo_url": "https://www.iconaves.com/token_icon_solana/solana/66gsTs88mXJ5L4AtJnWqFW6H2L5YQDRy4W41y6zbpump.png",
      "current_price_usd": 0.0015913286386736766,
      "price_change_24h": 72.67,
      "tx_volume_u_24h": 1299209.829914,
      "holders": 9575,
      "market_cap": "1591266.6760554264495994942352298",
      "fdv": "1591266.6760554264495994942352298",
      "risk_score": "40"
    },
    {
      "token": "864YJRb3JAVARC4FNuDtPKFxdEsYRbB39Nwxkzudxy46",
      "chain": "solana",
      "symbol": "HABIBI",
      "name": "HABIBI",
      "logo_url": "https://www.iconaves.com/token_icon_solana/solana/864YJRb3JAVARC4FNuDtPKFxdEsYRbB39Nwxkzudxy46.png",
      "current_price_usd": 0.003310173725754692,
      "price_change_24h": 69.82,
      "tx_volume_u_24h": 686816.111799,
      "holders": 17796,
      "market_cap": "3309802.958924912281137849404216",
      "fdv": "3309802.958924912281137849404216",
      "risk_score": "40"
    },
    {
      "token": "0x6bdcce4a559076e37755a78ce0c06214e59e4444",
      "chain": "bsc",
      "symbol": "B",
      "name": "B",
      "logo_url": "https://www.iconaves.com/token_icon_request/67f134f4d49c5149666c70b0_1743860980.png",
      "current_price_usd": 0.009413198220291632,
      "price_change_24h": 69.76,
      "tx_volume_u_24h": 100611.015982,
      "holders": 5734,
      "market_cap": "9413198.2202916320000000000000000000",
      "fdv": "9413198.2202916320000000000000000000",
      "risk_score": "40"
    },
    {
      "token": "C29ebrgYjYoJPMGPnPSGY1q3mMGk4iDSqnQeQQA7moon",
      "chain": "solana",
      "symbol": "NOBODY",
      "name": "NOBODY",
      "logo_url": "https://www.iconaves.com/token_icon_solana/solana/C29ebrgYjYoJPMGPnPSGY1q3mMGk4iDSqnQeQQA7moon.png",
      "current_price_usd": 0.015136902077890944,
      "price_change_24h": 59.49,
      "tx_volume_u_24h": 1564246.039407,
      "holders": 5226,
      "market_cap": "14259862.882938774567601018210569216",
      "fdv": "14259862.882938774567601018210569216",
      "risk_score": "40"
    },
    {
      "token": "0xf31e6d62bfc485857af2186eb3d8ee94b4379fed",
      "chain": "base",
      "symbol": "CHIDO",
      "name": "CHIDO",
      "logo_url": "https://www.iconaves.com/token_icon_request/6760a4d5c46ff4639c78b120_1734386901.png",
      "current_price_usd": 0.0027762893945309655,
      "price_change_24h": 54.11,
      "tx_volume_u_24h": 145721.060828,
      "holders": 473062,
      "market_cap": "2776289.3945309655000000000",
      "fdv": "2776289.3945309655000000000",
      "risk_score": "40"
    },
    {
      "token": "H4SFaUnxrZRoFnhBeotZnuqw4mfVtJ2nCvGrPmQupump",
      "chain": "solana",
      "symbol": "HOTMOM",
      "name": "HOTMOM",
      "logo_url": "https://www.iconaves.com/ipfs/pump/H4SFaUnxrZRoFnhBeotZnuqw4mfVtJ2nCvGrPmQupump_147.webp",
      "current_price_usd": 0.10354867464028406,
      "price_change_24h": 51.52,
      "tx_volume_u_24h": 15335878.005812,
      "holders": 8605,
      "market_cap": "103548674.64028406000000000",
      "fdv": "103548674.64028406000000000",
      "risk_score": "0"
    },
    {
      "token": "0x666acd390fa42d5bf86e9c42dc2fa6f6b4b2d8ab",
      "chain": "eth",
      "symbol": "GORTH",
      "name": "Gorth",
      "logo_url": "https://www.iconaves.com/token_icon_request/68218a183b407c5699c475ee_1747028505.png",
      "current_price_usd": 2.782050683459991e-9,
      "price_change_24h": 48.08,
      "tx_volume_u_24h": 676497.600952505,
      "holders": 1383,
      "market_cap": "1170380.902024783613790000000000",
      "fdv": "1170380.902024783613790000000000",
      "risk_score": "55"
    },
    {
      "token": "0xe9732d4b1e7d3789004ff029f032ba3034db059c",
      "chain": "eth",
      "symbol": "PATRIOT",
      "name": "PATRIOT",
      "logo_url": "https://www.iconaves.com/token_icon_request/675725f1606c14a3a8c2de59_1733764593.png",
      "current_price_usd": 0.0019783872256172973,
      "price_change_24h": 47.01,
      "tx_volume_u_24h": 1139935.595808,
      "holders": 6239,
      "market_cap": "19783872.2561729730000000000",
      "fdv": "19783872.2561729730000000000",
      "risk_score": "55"
    },
    {
      "token": "7oBYdEhV4GkXC19ZfgAvXpJWp2Rn9pm1Bx2cVNxFpump",
      "chain": "solana",
      "symbol": "CAR",
      "name": "CAR",
      "logo_url": "https://www.iconaves.com/ipfs/pump/7oBYdEhV4GkXC19ZfgAvXpJWp2Rn9pm1Bx2cVNxFpump.png",
      "current_price_usd": 0.02009429249480275,
      "price_change_24h": 39.9,
      "tx_volume_u_24h": 725746.2717529908,
      "holders": 17887,
      "market_cap": "20093652.30127591649772509344700",
      "fdv": "20093652.30127591649772509344700",
      "risk_score": "40"
    },
    {
      "token": "3qVpCnqdaJtARzE2dYuCy5pm8X2NgF5hx9q9GosPpump",
      "chain": "solana",
      "symbol": "DPCORE",
      "name": "DPCORE",
      "logo_url": "https://www.iconaves.com/ipfs/pump/3qVpCnqdaJtARzE2dYuCy5pm8X2NgF5hx9q9GosPpump.png",
      "current_price_usd": 0.0054557069977964855,
      "price_change_24h": 38.34,
      "tx_volume_u_24h": 1001897.140272,
      "holders": 4370,
      "market_cap": "5455692.5477761073584615697330535",
      "fdv": "5455692.5477761073584615697330535",
      "risk_score": "0"
    },
    {
      "token": "0x002d0619eab294d21fef071f8b780cae7e999999",
      "chain": "bsc",
      "symbol": "PLAYFUN",
      "name": "PLAYFUN",
      "logo_url": "https://www.iconaves.com/token_icon_request/681ef810f2087d82fec8741c_1746860048.png",
      "current_price_usd": 0.000046540112129446236,
      "price_change_24h": 35.43,
      "tx_volume_u_24h": 2477800.29676,
      "holders": 8753,
      "market_cap": "9472546.81989511009003532711419008",
      "fdv": "9472546.81989511009003532711419008",
      "risk_score": "20"
    },
    {
      "token": "0x3ea6eb083ac2b82f3d87124f701770c0b9e6228f",
      "chain": "bsc",
      "symbol": "RATO",
      "name": "RATO",
      "logo_url": "https://www.iconaves.com/token_icon_request/6821744d9d9b92d5e6e59ddc_1747022925.png",
      "current_price_usd": 2.9634880926977115e-7,
      "price_change_24h": 35.01,
      "tx_volume_u_24h": 373189.282247,
      "holders": 2733,
      "market_cap": "117807.90238976120651297274684681225",
      "fdv": "117807.90238976120651297274684681225",
      "risk_score": "40"
    },
    {
      "token": "0x7f890a4a575558307826c82e4cb6e671f3178bfc",
      "chain": "bsc",
      "symbol": "CTD",
      "name": "CTD",
      "logo_url": "https://www.iconaves.com/token_icon_request/67ea580c521b9ee2ad82e1ba_1743411212.png",
      "current_price_usd": 0.0011024811094215857,
      "price_change_24h": 33.97,
      "tx_volume_u_24h": 80640.41029,
      "holders": 3108,
      "market_cap": "990701.13815158471894026755915299360",
      "fdv": "1030895.60829901873794369391968689860",
      "risk_score": "40"
    },
    {
      "token": "C3Tqmrgp7oKE6x5TmZaig5nVV4EPnQcw2BZyVRXboop",
      "chain": "solana",
      "symbol": "SLUB",
      "name": "SLUB",
      "logo_url": "https://www.iconaves.com/boop/solana/C3Tqmrgp7oKE6x5TmZaig5nVV4EPnQcw2BZyVRXboop_147.webp",
      "current_price_usd": 0.0003875856265128881,
      "price_change_24h": 33.73,
      "tx_volume_u_24h": 761143.49874,
      "holders": 1710,
      "market_cap": "387585.6265128881000000000",
      "fdv": "387585.6265128881000000000",
      "risk_score": "40"
    },
    {
      "token": "ArUyEVWGCzZMtAxcPmNH8nDFZ4kMjxrMbpsQf3NEpump",
      "chain": "solana",
      "symbol": "BAYC",
      "name": "BAYC",
      "logo_url": "https://www.iconaves.com/token_icon_request/681b14fe00db497da7028edd_1746605310.png",
      "current_price_usd": 0.16859922521945656,
      "price_change_24h": 32.69,
      "tx_volume_u_24h": 8029314.647482,
      "holders": 10699,
      "market_cap": "168599225.21945656000000000",
      "fdv": "168599225.21945656000000000",
      "risk_score": "40"
    },
    {
      "token": "H2c31USxu35MDkBrGph8pUDUnmzo2e4Rf4hnvL2Upump",
      "chain": "solana",
      "symbol": "Shoggoth",
      "name": "Shoggoth",
      "logo_url": "https://www.iconaves.com/token_icon_request/6742ef277e571c70c8f61c6b_1732439849.png",
      "current_price_usd": 0.007667258615971512,
      "price_change_24h": 31.79,
      "tx_volume_u_24h": 988098.097569,
      "holders": 22099,
      "market_cap": "7667212.458769655638271645195664",
      "fdv": "7667212.458769655638271645195664",
      "risk_score": "40"
    },
    {
      "token": "yFtG6tU4mZqiUnrBC4gF9eXTdWyzj7ZSKb92wv3bonk",
      "chain": "solana",
      "symbol": "JAIL",
      "name": "JAIL",
      "logo_url": "https://www.iconaves.com/ipfs/bonk/yFtG6tU4mZqiUnrBC4gF9eXTdWyzj7ZSKb92wv3bonk.png",
      "current_price_usd": 0.00040292649444541605,
      "price_change_24h": 31.62,
      "tx_volume_u_24h": 1227813.683955,
      "holders": 1249,
      "market_cap": "402882.16608692128523937197667330",
      "fdv": "402882.16608692128523937197667330",
      "risk_score": "40"
    },
    {
      "token": "0xbbc2ae13b23d715c30720f079fcd9b4a74093505",
      "chain": "eth",
      "symbol": "ERN",
      "name": "Ethernity Chain",
      "logo_url": "https://www.iconaves.com/token_icon/eth/0xbbc2ae13b23d715c30720f079fcd9b4a74093505.png",
      "current_price_usd": 2.24635962235168,
      "price_change_24h": 31.34,
      "tx_volume_u_24h": 266086.806555,
      "holders": 25465,
      "market_cap": "67390788.67055040000000",
      "fdv": "67390788.67055040000000",
      "risk_score": "40"
    },
    {
      "token": "BYZ9CcZGKAXmN2uDsKcQMM9UnZacija4vWcns9Th69xb",
      "chain": "solana",
      "symbol": "BOTIFY",
      "name": "BOTIFY",
      "logo_url": "https://www.iconaves.com/token_icon_request/6781b25a3ed504797607bdb3_1736553051.png",
      "current_price_usd": 0.020503697964484813,
      "price_change_24h": 30.56,
      "tx_volume_u_24h": 1718082.711427,
      "holders": 19083,
      "market_cap": "20502959.197239281429003822047602",
      "fdv": "20502959.197239281429003822047602",
      "risk_score": "40"
    },
    {
      "token": "Hg8bKz4mvs8KNj9zew1cEF9tDw1x2GViB4RFZjVEmfrD",
      "chain": "solana",
      "symbol": "TDCCP",
      "name": "TDCCP",
      "logo_url": "https://www.iconaves.com/token_icon_solana/solana/Hg8bKz4mvs8KNj9zew1cEF9tDw1x2GViB4RFZjVEmfrD.png",
      "current_price_usd": 0.4234100921240638,
      "price_change_24h": 29.55,
      "tx_volume_u_24h": 8787984.92424,
      "holders": 11545,
      "market_cap": "270982450.8938144809397824459657038",
      "fdv": "270982450.8938144809397824459657038",
      "risk_score": "55"
    },
    {
      "token": "AtortPA9SVbkKmdzu5zg4jxgkR4howvPshorA9jYbonk",
      "chain": "solana",
      "symbol": "IKUN",
      "name": "IKUN",
      "logo_url": "https://www.iconaves.com/ipfs/bonk/AtortPA9SVbkKmdzu5zg4jxgkR4howvPshorA9jYbonk_147_20250512062209.webp",
      "current_price_usd": 0.00597233325672727,
      "price_change_24h": 29.02,
      "tx_volume_u_24h": 16128860.909133,
      "holders": 6093,
      "market_cap": "5972333.25672727000000000",
      "fdv": "5972333.25672727000000000",
      "risk_score": "40"
    },
    {
      "token": "0x422cbee1289aae4422edd8ff56f6578701bb2878",
      "chain": "bsc",
      "symbol": "DDDD",
      "name": "DDDD",
      "logo_url": "https://www.iconaves.com/token_icon_request/67eab251f5e0a753f579dd9f_1743434322.png",
      "current_price_usd": 0.0016768886951928298,
      "price_change_24h": 28.15,
      "tx_volume_u_24h": 165142.50882,
      "holders": 11759,
      "market_cap": "1669770.30268173623749900000000000000",
      "fdv": "1669770.30268173623749900000000000000",
      "risk_score": "20"
    },
    {
      "token": "FQ1tyso61AH1tzodyJfSwmzsD3GToybbRNoZxUBz21p8",
      "chain": "solana",
      "symbol": "vvaifu",
      "name": "vvaifu",
      "logo_url": "https://www.iconaves.com/token_icon_solana/solana/FQ1tyso61AH1tzodyJfSwmzsD3GToybbRNoZxUBz21p8.png",
      "current_price_usd": 0.006886422689557741,
      "price_change_24h": 25.31,
      "tx_volume_u_24h": 1026257.207976,
      "holders": 33663,
      "market_cap": "6840320.026614867461307981958627",
      "fdv": "6840320.026614867461307981958627",
      "risk_score": "40"
    },
    {
      "token": "GkeUTuaFB4oZADaqiCo3yauHNx9SxUNn8euHptEEbonk",
      "chain": "solana",
      "symbol": "Grassito",
      "name": "Grassito",
      "logo_url": "https://www.iconaves.com/ipfs/bonk/GkeUTuaFB4oZADaqiCo3yauHNx9SxUNn8euHptEEbonk.png",
      "current_price_usd": 0.0000012823321702204122,
      "price_change_24h": 24.81,
      "tx_volume_u_24h": 683567.456855,
      "holders": 5395,
      "market_cap": "532683.2245837603462924093156344186",
      "fdv": "532683.2245837603462924093156344186",
      "risk_score": "40"
    },
    {
      "token": "J3NrhzUeKBSA3tJQjNq77zqpWJNz3FS9TrX7H7SLKcom",
      "chain": "solana",
      "symbol": "COM",
      "name": "COM",
      "logo_url": "",
      "current_price_usd": 0.005088424151488606,
      "price_change_24h": 24.68,
      "tx_volume_u_24h": 972745.267187,
      "holders": 1097,
      "market_cap": "5088424.151488606000000000",
      "fdv": "5088424.151488606000000000",
      "risk_score": "40"
    },
    {
      "token": "0x4f1960e29b2ca581a38c5c474e123f420f8092db",
      "chain": "bsc",
      "symbol": "UBXS",
      "name": "UBXS",
      "logo_url": "https://www.iconaves.com/token_icon/bsc/0x4f1960e29b2ca581a38c5c474e123f420f8092db.png",
      "current_price_usd": 0.03198973472785619,
      "price_change_24h": 24.37,
      "tx_volume_u_24h": 143106.604116,
      "holders": 28848,
      "market_cap": "2040687.930017503477344231367260000",
      "fdv": "2104921.063703913603223096411580000",
      "risk_score": "40"
    },
    {
      "token": "0xa93d86af16fe83f064e3c0e2f3d129f7b7b002b0",
      "chain": "eth",
      "symbol": "COCORO",
      "name": "COCORO",
      "logo_url": "https://www.iconaves.com/token_icon_request/67d9f43872aee7343af720cc_1742337081.png",
      "current_price_usd": 0.00002955889131970547,
      "price_change_24h": 23.63,
      "tx_volume_u_24h": 1899385.324305,
      "holders": 4761,
      "market_cap": "12435129.9892680571104608856070223002",
      "fdv": "12435129.9892680571104608856070223002",
      "risk_score": "55"
    },
    {
      "token": "0x85e90a5430af45776548adb82ee4cd9e33b08077",
      "chain": "base",
      "symbol": "DINO",
      "name": "DINO",
      "logo_url": "https://www.iconaves.com/token_icon/base/0x85e90a5430af45776548adb82ee4cd9e33b08077.png",
      "current_price_usd": 0.0022750442476491893,
      "price_change_24h": 23.5,
      "tx_volume_u_24h": 1725355.323939,
      "holders": 92066,
      "market_cap": "45500839.4520988330162140000",
      "fdv": "45500839.4520988330162140000",
      "risk_score": "40"
    },
    {
      "token": "4WuBU65HXdHAg2eFxKvpU2WTAxV2R3eyRyUeNkHwEbba",
      "chain": "solana",
      "symbol": "INFLT",
      "name": "INFLT",
      "logo_url": "",
      "current_price_usd": 0.0007041766176694912,
      "price_change_24h": 23.26,
      "tx_volume_u_24h": 6357238.067649,
      "holders": 1080,
      "market_cap": "704147.1350631944664732104300114560",
      "fdv": "704147.1350631944664732104300114560",
      "risk_score": "55"
    },
    {
      "token": "0x710287d1d39dcf62094a83ebb3e736e79400068a",
      "chain": "eth",
      "symbol": "ENQAI",
      "name": "ENQAI",
      "logo_url": "https://www.iconaves.com/token_icon/eth/0x710287d1d39dcf62094a83ebb3e736e79400068a.png",
      "current_price_usd": 0.0025716411899119333,
      "price_change_24h": 23.03,
      "tx_volume_u_24h": 35337.637916,
      "holders": 8367,
      "market_cap": "2571641.18991193330000000000",
      "fdv": "2571641.18991193330000000000",
      "risk_score": "40"
    },
    {
      "token": "Grass7B4RdKfBCjTKgSqnXkqjwiGvQyFbuSCUJr3XXjs",
      "chain": "solana",
      "symbol": "GRASS",
      "name": "GRASS",
      "logo_url": "https://www.iconaves.com/token_icon/solana/Grass7B4RdKfBCjTKgSqnXkqjwiGvQyFbuSCUJr3XXjs.png",
      "current_price_usd": 2.077045888387273,
      "price_change_24h": 22.45,
      "tx_volume_u_24h": 3226993.510314,
      "holders": 333033,
      "market_cap": "2077036067.431792792355011617137836",
      "fdv": "2077036067.431792792355011617137836",
      "risk_score": "40"
    },
    {
      "token": "0x47a1eb0b825b73e6a14807beaecafef199d5477c",
      "chain": "bsc",
      "symbol": "CaptainBNB",
      "name": "CaptainBNB",
      "logo_url": "https://www.iconaves.com/token_icon/bsc/0x47a1eb0b825b73e6a14807beaecafef199d5477c.png",
      "current_price_usd": 0.008595694065044322,
      "price_change_24h": 22.3,
      "tx_volume_u_24h": 335929.932488,
      "holders": 13636,
      "market_cap": "7673147.5888611940397469787306533132",
      "fdv": "7673147.5888611940397469787306533132",
      "risk_score": "40"
    },
    {
      "token": "4EsrfTaMr3oSNFUscBs9HSph7f1dJ26RyDJNQYE1efRC",
      "chain": "solana",
      "symbol": "INDIE",
      "name": "INDIE",
      "logo_url": "",
      "current_price_usd": 0.000346668903293829,
      "price_change_24h": 22.03,
      "tx_volume_u_24h": 934810.4764499814,
      "holders": 1149,
      "market_cap": "346668.903293829000000000",
      "fdv": "346668.903293829000000000",
      "risk_score": "55"
    },
    {
      "token": "RhFVq1Zt81VvcoSEMSyCGZZv5SwBdA8MV7w4HEMpump",
      "chain": "solana",
      "symbol": "CFX",
      "name": "CFX",
      "logo_url": "https://www.iconaves.com/ipfs/pump/RhFVq1Zt81VvcoSEMSyCGZZv5SwBdA8MV7w4HEMpump.png",
      "current_price_usd": 0.002736012919272568,
      "price_change_24h": 20.78,
      "tx_volume_u_24h": 2230101.551484,
      "holders": 2914,
      "market_cap": "2735899.518997747300910205687960",
      "fdv": "2735899.518997747300910205687960",
      "risk_score": "0"
    },
    {
      "token": "0xc950e3cf17c6831ad8214527656aa64cc7777777",
      "chain": "bsc",
      "symbol": "$POP",
      "name": "$POP",
      "logo_url": "https://www.iconaves.com/token_icon_request/681db7b72ef8eca2f0e63f85_1746778040.png",
      "current_price_usd": 0.00014573895935181985,
      "price_change_24h": 20.34,
      "tx_volume_u_24h": 68071.765616,
      "holders": 2847,
      "market_cap": "1020172.715462738950000000000",
      "fdv": "1457389.59351819850000000000",
      "risk_score": "55"
    },
    {
      "token": "0xaa95f26e30001251fb905d264aa7b00ee9df6c18",
      "chain": "eth",
      "symbol": "Kendu",
      "name": "Kendu",
      "logo_url": "https://www.iconaves.com/token_icon/eth/0xaa95f26e30001251fb905d264aa7b00ee9df6c18.png",
      "current_price_usd": 0.00002272441693117187,
      "price_change_24h": 19.9,
      "tx_volume_u_24h": 231481.455177,
      "holders": 16777,
      "market_cap": "22269928.592548432600000000000",
      "fdv": "22724416.93117187000000000000",
      "risk_score": "55"
    },
    {
      "token": "0xacfb898cff266e53278cc0124fc2c7c94c8cb9a5",
      "chain": "avalanche",
      "symbol": "NOCHILL",
      "name": "NOCHILL",
      "logo_url": "https://www.iconaves.com/token_icon/avalanche/0xacfb898cff266e53278cc0124fc2c7c94c8cb9a5.png",
      "current_price_usd": 0.0029709712902391953,
      "price_change_24h": 19.2,
      "tx_volume_u_24h": 74643.38124051214,
      "holders": 20459,
      "market_cap": "4605005.4998707527150000000",
      "fdv": "4605005.4998707527150000000",
      "risk_score": "40"
    },
    {
      "token": "0xc1832218d578f7ec1ebbe0ab71ca07e9304d5139",
      "chain": "polygon",
      "symbol": "POK",
      "name": "POK",
      "logo_url": "https://www.iconaves.com/token_icon_request/67f499b9d49c5149666c70bd_1744083386.png",
      "current_price_usd": 0.003610204625514701,
      "price_change_24h": 19.03,
      "tx_volume_u_24h": 486746.366532,
      "holders": 24570,
      "market_cap": "25798868.4973770837898930731031444",
      "fdv": "25798868.4973770837898930731031444",
      "risk_score": "20"
    },
    {
      "token": "Ey59PH7Z4BFU4HjyKnyMdWt5GGN76KazTAwQihoUXRnk",
      "chain": "solana",
      "symbol": "LAUNCHCOIN",
      "name": "LAUNCHCOIN",
      "logo_url": "https://www.iconaves.com/token_icon/solana/Ey59PH7Z4BFU4HjyKnyMdWt5GGN76KazTAwQihoUXRnk.png",
      "current_price_usd": 0.18826947013707832,
      "price_change_24h": 18.69,
      "tx_volume_u_24h": 59179837.846136,
      "holders": 27115,
      "market_cap": "188245835.47695673345959125180216392",
      "fdv": "188245835.47695673345959125180216392",
      "risk_score": "55"
    },
    {
      "token": "CnGb7hJsGdsFyQP2uXNWrUgT5K1tovBA3mNnUZcTpump",
      "chain": "solana",
      "symbol": "flork",
      "name": "flork",
      "logo_url": "https://www.iconaves.com/ipfs/pump/CnGb7hJsGdsFyQP2uXNWrUgT5K1tovBA3mNnUZcTpump.png",
      "current_price_usd": 0.00434218141125515,
      "price_change_24h": 18.52,
      "tx_volume_u_24h": 679641.182161,
      "holders": 13512,
      "market_cap": "4076009.83137295463198448182910",
      "fdv": "4076009.83137295463198448182910",
      "risk_score": "40"
    },
    {
      "token": "Dz9mQ9NzkBcCsuGPFJ3r1bS4wgqKMHBPiVuniW8Mbonk",
      "chain": "solana",
      "symbol": "USELESS",
      "name": "USELESS",
      "logo_url": "https://www.iconaves.com/ipfs/bonk/Dz9mQ9NzkBcCsuGPFJ3r1bS4wgqKMHBPiVuniW8Mbonk_147_20250510142329.webp",
      "current_price_usd": 0.020166338488731474,
      "price_change_24h": 17.34,
      "tx_volume_u_24h": 16124170.629931,
      "holders": 7281,
      "market_cap": "20166338.488731474000000000",
      "fdv": "20166338.488731474000000000",
      "risk_score": "40"
    },
    {
      "token": "2z1p8xCEjRzpBHjXWrx4tJnz7BFL6z7NnvbCxH7bpump",
      "chain": "solana",
      "symbol": "San",
      "name": "San",
      "logo_url": "https://www.iconaves.com/ipfs/pump/2z1p8xCEjRzpBHjXWrx4tJnz7BFL6z7NnvbCxH7bpump.png",
      "current_price_usd": 0.010596826496995925,
      "price_change_24h": 17.26,
      "tx_volume_u_24h": 821929.167746,
      "holders": 5448,
      "market_cap": "9981880.714810911698606288166375",
      "fdv": "9981880.714810911698606288166375",
      "risk_score": "40"
    },
    {
      "token": "5HkhVG2bSb5PGjhX5QHm9urUquD7tx5eAau5Fonq78zc",
      "chain": "solana",
      "symbol": "KOKOK",
      "name": "KOKOK",
      "logo_url": "",
      "current_price_usd": 0.02787539464190044,
      "price_change_24h": 17.16,
      "tx_volume_u_24h": 639902.672687,
      "holders": 1316,
      "market_cap": "5575020.63223780889163840866425772",
      "fdv": "5575020.63223780889163840866425772",
      "risk_score": "40"
    },
    {
      "token": "0xdc84096074269d8f304d476124101249d105b60d",
      "chain": "bsc",
      "symbol": "FSP",
      "name": "FSP",
      "logo_url": "https://www.iconaves.com/token_icon_request/67c26d92c365abe257a97e0e_1740795282.png",
      "current_price_usd": 0.1478215489935402,
      "price_change_24h": 16.56,
      "tx_volume_u_24h": 1028430.553258,
      "holders": 193471,
      "market_cap": "13493357.49878239155629564481135966",
      "fdv": "14309489.74063627121430177036052506",
      "risk_score": "55"
    },
    {
      "token": "9Wkcek2EZFmJf5L2XmC5rfnNVBrdndbMe6yW8fbfbonk",
      "chain": "solana",
      "symbol": "CHACHA",
      "name": "CHACHA",
      "logo_url": "https://www.iconaves.com/ipfs/bonk/9Wkcek2EZFmJf5L2XmC5rfnNVBrdndbMe6yW8fbfbonk_147_20250430141249.webp",
      "current_price_usd": 0.0012108212630326614,
      "price_change_24h": 16.31,
      "tx_volume_u_24h": 1043318.142258,
      "holders": 2161,
      "market_cap": "1210800.2077103914706544104988216",
      "fdv": "1210800.2077103914706544104988216",
      "risk_score": "40"
    },
    {
      "token": "0x404853ac2976cbe92bd0d3d73d2e9c703d09f623",
      "chain": "arbitrum",
      "symbol": "BUFF",
      "name": "BUFF",
      "logo_url": "https://www.iconaves.com/token_icon_request/67e4f612a6713fb646d683de_1743058450.png",
      "current_price_usd": 0.001720545175257732,
      "price_change_24h": 16.27,
      "tx_volume_u_24h": 233097.649712,
      "holders": 77792,
      "market_cap": "22367087.278350516000000000",
      "fdv": "22367087.278350516000000000",
      "risk_score": "20"
    },
    {
      "token": "31k88G5Mq7ptbRDf3AM13HAq6wRQHXHikR8hik7wPygk",
      "chain": "solana",
      "symbol": "GP",
      "name": "GP",
      "logo_url": "https://www.iconaves.com/token_icon_solana/solana/31k88G5Mq7ptbRDf3AM13HAq6wRQHXHikR8hik7wPygk.png",
      "current_price_usd": 0.3337128425740988,
      "price_change_24h": 15.9,
      "tx_volume_u_24h": 919964.0392379999,
      "holders": 5082,
      "market_cap": "20774334.3982597892793783371673232",
      "fdv": "20774334.3982597892793783371673232",
      "risk_score": "55"
    },
    {
      "token": "0x6cdd08de79231a1957f205a3fe5cf9dbf4b0c454",
      "chain": "bsc",
      "symbol": "BabyNeiro",
      "name": "Baby Neiro",
      "logo_url": "https://www.iconaves.com/token_icon_request/675d07dca8dfffd9eead6371_1734150109.png",
      "current_price_usd": 2.7887386585475854e-12,
      "price_change_24h": 14.62,
      "tx_volume_u_24h": 338503.372273,
      "holders": 77423,
      "market_cap": "1087172.40611307851099847211535966720000000000",
      "fdv": "1087172.40611307851099847211535966720000000000",
      "risk_score": "20"
    },
    {
      "token": "0xc575bd129848ce06a460a19466c30e1d0328f52c",
      "chain": "eth",
      "symbol": "RAI",
      "name": "RAI",
      "logo_url": "https://www.iconaves.com/token_icon/eth/0xc575bd129848ce06a460a19466c30e1d0328f52c.png",
      "current_price_usd": 1.4561197580163403,
      "price_change_24h": 14.33,
      "tx_volume_u_24h": 1399424.7470128187,
      "holders": 13649,
      "market_cap": "13250689.79794869673000000",
      "fdv": "14561197.5801634030000000",
      "risk_score": "40"
    },
    {
      "token": "EngCPwywQUubsSbeXBrmFAKUupkAegttSCNDLwNDN5Q6",
      "chain": "solana",
      "symbol": "JD Socks",
      "name": "JD Socks",
      "logo_url": "",
      "current_price_usd": 0.003626435661787392,
      "price_change_24h": 13.7,
      "tx_volume_u_24h": 25439883.885102,
      "holders": 5138,
      "market_cap": "3626435.661787392000000000",
      "fdv": "3626435.661787392000000000",
      "risk_score": "55"
    },
    {
      "token": "0x92aa03137385f18539301349dcfc9ebc923ffb10",
      "chain": "bsc",
      "symbol": "SKYAI",
      "name": "SKYAI",
      "logo_url": "https://www.iconaves.com/token_icon_request/6805c068281fe5fc3af0ae0b_1745207400.png",
      "current_price_usd": 0.07213217989535084,
      "price_change_24h": 13.25,
      "tx_volume_u_24h": 396147367.619289,
      "holders": 48875,
      "market_cap": "72132179.895350840000000000000000000",
      "fdv": "72132179.895350840000000000000000000",
      "risk_score": "40"
    },
    {
      "token": "0x3d4f0513e8a29669b960f9dbca61861548a9a760",
      "chain": "bsc",
      "symbol": "BANANAS31",
      "name": "Banana For Scale",
      "logo_url": "https://www.iconaves.com/token_icon_request/673c21d4b4e3e465ecf998cd_1731994068.png",
      "current_price_usd": 0.00566152866860179,
      "price_change_24h": 12.55,
      "tx_volume_u_24h": 12282249.178556,
      "holders": 120776,
      "market_cap": "56206492.391400307178419103187552200",
      "fdv": "56206492.391400307178419103187552200",
      "risk_score": "20"
    },
    {
      "token": "FWAr6oWa6CHg6WUcXu8CqkmsdbhtEqL8t31QTonppump",
      "chain": "solana",
      "symbol": "PVS",
      "name": "PVS",
      "logo_url": "https://www.iconaves.com/ipfs/pump/FWAr6oWa6CHg6WUcXu8CqkmsdbhtEqL8t31QTonppump.png",
      "current_price_usd": 0.012705357538850654,
      "price_change_24h": 12.17,
      "tx_volume_u_24h": 2810367.211932,
      "holders": 7198,
      "market_cap": "12703401.268922671808943107689798",
      "fdv": "12703401.268922671808943107689798",
      "risk_score": "40"
    },
    {
      "token": "FvgqHMfL9yn39V79huDPy3YUNDoYJpuLWng2JfmQpump",
      "chain": "solana",
      "symbol": "$URO",
      "name": "Urolithin A",
      "logo_url": "https://www.iconaves.com/token_icon/solana/FvgqHMfL9yn39V79huDPy3YUNDoYJpuLWng2JfmQpump.png",
      "current_price_usd": 0.004133940779505722,
      "price_change_24h": 12.03,
      "tx_volume_u_24h": 752906.2254384538,
      "holders": 17935,
      "market_cap": "4131995.188341263060672818544714",
      "fdv": "4131995.188341263060672818544714",
      "risk_score": "40"
    },
    {
      "token": "GJtJuWD9qYcCkrwMBmtY1tpapV1sKfB2zUv9Q4aqpump",
      "chain": "solana",
      "symbol": "$RIF",
      "name": "$RIF",
      "logo_url": "https://www.iconaves.com/token_icon_solana/solana/GJtJuWD9qYcCkrwMBmtY1tpapV1sKfB2zUv9Q4aqpump.png",
      "current_price_usd": 0.004111522172782397,
      "price_change_24h": 11.94,
      "tx_volume_u_24h": 1826533.7003304046,
      "holders": 34877,
      "market_cap": "4109979.013950490134036420954049",
      "fdv": "4109979.013950490134036420954049",
      "risk_score": "40"
    },
    {
      "token": "8ncucXv6U6epZKHPbgaEBcEK399TpHGKCquSt4RnmX4f",
      "chain": "solana",
      "symbol": "TRENCHER",
      "name": "TRENCHER",
      "logo_url": "https://www.iconaves.com/ipfs/pump/8ncucXv6U6epZKHPbgaEBcEK399TpHGKCquSt4RnmX4f_20250424152152.png",
      "current_price_usd": 0.0020399346252911875,
      "price_change_24h": 11.34,
      "tx_volume_u_24h": 2023007.61539,
      "holders": 7340,
      "market_cap": "2039694.5430667451586958145326875",
      "fdv": "2039694.5430667451586958145326875",
      "risk_score": "40"
    },
    {
      "token": "0x1121acc14c63f3c872bfca497d10926a6098aac5",
      "chain": "eth",
      "symbol": "DOGE",
      "name": "DOGE",
      "logo_url": "https://www.iconaves.com/token_icon/eth/0x1121acc14c63f3c872bfca497d10926a6098aac5.png",
      "current_price_usd": 0.022805921764067257,
      "price_change_24h": 11.28,
      "tx_volume_u_24h": 1017699.980938,
      "holders": 33512,
      "market_cap": "22329739.90101652588986555881825365",
      "fdv": "22329739.90101652588986555881825365",
      "risk_score": "55"
    },
    {
      "token": "6q4LFnMxKfq3a4gbjEYfWsGbEyr6Vgp4WfjFyKTXpump",
      "chain": "solana",
      "symbol": "POPEROBERT",
      "name": "POPEROBERT",
      "logo_url": "https://www.iconaves.com/ipfs/pump/6q4LFnMxKfq3a4gbjEYfWsGbEyr6Vgp4WfjFyKTXpump_147.webp",
      "current_price_usd": 0.007123568645442569,
      "price_change_24h": 10.49,
      "tx_volume_u_24h": 1907457.300755,
      "holders": 2973,
      "market_cap": "7123568.645442569000000000",
      "fdv": "7123568.645442569000000000",
      "risk_score": "0"
    },
    {
      "token": "0x934e2003d24d27cd28a3cc7c8b6765e522f567d9",
      "chain": "bsc",
      "symbol": "Kabosu",
      "name": "Kabosu",
      "logo_url": "https://www.iconaves.com/token_icon_request/67e69fb94a7c1adb73a34d18_1743167417.png",
      "current_price_usd": 0.0268058065808235,
      "price_change_24h": 10.37,
      "tx_volume_u_24h": 36809.283976,
      "holders": 7027,
      "market_cap": "793353.474298461675597098062305",
      "fdv": "793353.474298461675597098062305",
      "risk_score": "40"
    },
    {
      "token": "0xe8a9bf6313950544501db41d498ea6d6dc90b305",
      "chain": "bsc",
      "symbol": "SSTZ",
      "name": "SSTZ",
      "logo_url": "https://www.iconaves.com/token_icon_request/68047fd06f0dd46a9a82f96b_1745125328.png",
      "current_price_usd": 0.0023331967551332693,
      "price_change_24h": 9.96,
      "tx_volume_u_24h": 64406.866936,
      "holders": 10753,
      "market_cap": "1028058.81281704559603481528231804",
      "fdv": "3636572.78505604067343481528231804",
      "risk_score": "20"
    },
    {
      "token": "0x0d88ed6e74bbfd96b831231638b66c05571e824f",
      "chain": "eth",
      "symbol": "AVT",
      "name": "AVT",
      "logo_url": "https://www.iconaves.com/token_icon/eth/0x0d88ed6e74bbfd96b831231638b66c05571e824f.png",
      "current_price_usd": 2.035760524305708,
      "price_change_24h": 9.8,
      "tx_volume_u_24h": 22643.239176,
      "holders": 4554,
      "market_cap": "21748399.837877174708921101337112",
      "fdv": "21748399.837877174708921101337112",
      "risk_score": "40"
    },
    {
      "token": "CDBdbNqmrLu1PcgjrFG52yxg71QnFhBZcUE6PSFdbonk",
      "chain": "solana",
      "symbol": "LetsBONK",
      "name": "LetsBONK",
      "logo_url": "https://www.iconaves.com/ipfs/bonk/CDBdbNqmrLu1PcgjrFG52yxg71QnFhBZcUE6PSFdbonk.png",
      "current_price_usd": 0.06036983873742368,
      "price_change_24h": 9.68,
      "tx_volume_u_24h": 3728950.588902,
      "holders": 8806,
      "market_cap": "4165478.07281904981858373141408",
      "fdv": "4165478.07281904981858373141408",
      "risk_score": "40"
    },
    {
      "token": "0x6f8322ecd373f498040b241b5cfe3f4162201319",
      "chain": "bsc",
      "symbol": "FIST",
      "name": "FIST",
      "logo_url": "https://www.iconaves.com/token_icon_request/67b82495c31599411e926761_1740121238.png",
      "current_price_usd": 0.00547289695443813,
      "price_change_24h": 8.78,
      "tx_volume_u_24h": 47496.605653,
      "holders": 9314,
      "market_cap": "832321.966729064658543509480705520",
      "fdv": "917151.869522855673543509480705520",
      "risk_score": "20"
    },
    {
      "token": "CMkj12qHC9RjAUs1MED38Bt7gfyP3TbEpa1mcBno3RUY",
      "chain": "solana",
      "symbol": "AURA",
      "name": "AURA",
      "logo_url": "",
      "current_price_usd": 0.0034853865984633436,
      "price_change_24h": 7.9,
      "tx_volume_u_24h": 5295999.740791,
      "holders": 1155,
      "market_cap": "3485372.0484157348283788604928380584",
      "fdv": "3485372.0484157348283788604928380584",
      "risk_score": "55"
    },
    {
      "token": "C3DwDjT17gDvvCYC2nsdGHxDHVmQRdhKfpAdqQ29pump",
      "chain": "solana",
      "symbol": "RFC",
      "name": "RFC",
      "logo_url": "https://www.iconaves.com/ipfs/pump/C3DwDjT17gDvvCYC2nsdGHxDHVmQRdhKfpAdqQ29pump.png",
      "current_price_usd": 0.017139448931432332,
      "price_change_24h": 7.9,
      "tx_volume_u_24h": 2943517.764924,
      "holders": 12975,
      "market_cap": "17137098.610480127855882059803060",
      "fdv": "17137098.610480127855882059803060",
      "risk_score": "40"
    },
    {
      "token": "83mCRQJzvKMeQd9wJbZDUCTPgRbZMDoPdMSx5Sf1pump",
      "chain": "solana",
      "symbol": "LLJEFFY",
      "name": "LLJEFFY",
      "logo_url": "https://www.iconaves.com/ipfs/pump/83mCRQJzvKMeQd9wJbZDUCTPgRbZMDoPdMSx5Sf1pump_147.webp",
      "current_price_usd": 0.01610134884658029,
      "price_change_24h": 7.76,
      "tx_volume_u_24h": 3699728.19589,
      "holders": 4145,
      "market_cap": "2010933.72279344499416409291147",
      "fdv": "2010933.72279344499416409291147",
      "risk_score": "0"
    },
    {
      "token": "0x51363f073b1e4920fda7aa9e9d84ba97ede1560e",
      "chain": "bsc",
      "symbol": "BOB",
      "name": "BOB",
      "logo_url": "https://www.iconaves.com/token_icon_request/6739d38a93bde6a74f37a597_1731842955.png",
      "current_price_usd": 5.848269505889375e-9,
      "price_change_24h": 7.71,
      "tx_volume_u_24h": 505915.115357,
      "holders": 29219,
      "market_cap": "2460300.3365943461458557434424749226250000",
      "fdv": "2460300.3365943461458557434424749226250000",
      "risk_score": "40"
    },
    {
      "token": "0xca03ed102d0da143c4f9c5ad14a73dadc369751a",
      "chain": "bsc",
      "symbol": "pump",
      "name": "pump",
      "logo_url": "https://www.iconaves.com/token_icon_request/679c7e0bc649723a1f85aea1_1738309131.png",
      "current_price_usd": 145.6620491848515,
      "price_change_24h": 7.58,
      "tx_volume_u_24h": 66012.57552,
      "holders": 44516,
      "market_cap": "568081991.8209208500000",
      "fdv": "568081991.8209208500000",
      "risk_score": "20"
    },
    {
      "token": "0x090185f2135308bad17527004364ebcc2d37e5f6",
      "chain": "eth",
      "symbol": "SPELL",
      "name": "Spell Token",
      "logo_url": "https://www.iconaves.com/token_icon/eth/0x090185f2135308bad17527004364ebcc2d37e5f6.png",
      "current_price_usd": 0.0007108776959805357,
      "price_change_24h": 7.57,
      "tx_volume_u_24h": 158738.308141,
      "holders": 35377,
      "market_cap": "277836007.92486507222779266578546",
      "fdv": "277836007.92486507222779266578546",
      "risk_score": "55"
    },
    {
      "token": "CQvadZTR8vikRqqwyhvYV8YpdfCRjUCGyQwCuY4rxBQt",
      "chain": "solana",
      "symbol": "Conan",
      "name": "Conan",
      "logo_url": "https://www.iconaves.com/token_icon_request/67931f66ee12d3567985b134_1737695078.png",
      "current_price_usd": 0.010577994841788499,
      "price_change_24h": 7.53,
      "tx_volume_u_24h": 597991.978343,
      "holders": 13406,
      "market_cap": "8703440.783732778431217042319328",
      "fdv": "8703440.783732778431217042319328",
      "risk_score": "20"
    },
    {
      "token": "EecSMXvvhszENGs7SAWMejLgBHBAhCvkMDWY88JR7hog",
      "chain": "solana",
      "symbol": "BANNED",
      "name": "BANNED",
      "logo_url": "",
      "current_price_usd": 0.0014173703777548472,
      "price_change_24h": 7.52,
      "tx_volume_u_24h": 3134729.814085,
      "holders": 1017,
      "market_cap": "1417297.1851399185680891868660852616",
      "fdv": "1417297.1851399185680891868660852616",
      "risk_score": "55"
    },
    {
      "token": "0xabe8e5cabe24cb36df9540088fd7ce1175b9bc52",
      "chain": "bsc",
      "symbol": "SOLV",
      "name": "SOLV",
      "logo_url": "https://www.iconaves.com/token_icon/bsc/0xabe8e5cabe24cb36df9540088fd7ce1175b9bc52.png",
      "current_price_usd": 0.04395204680731143,
      "price_change_24h": 7.32,
      "tx_volume_u_24h": 172055.773646,
      "holders": 151283,
      "market_cap": "369197193.170963817898766157043361370",
      "fdv": "369197193.170963817898766157043361370",
      "risk_score": "40"
    },
    {
      "token": "0xd06716e1ff2e492cc5034c2e81805562dd3b45fa",
      "chain": "bsc",
      "symbol": "MGP",
      "name": "MGP",
      "logo_url": "https://www.iconaves.com/token_icon/bsc/0xd06716e1ff2e492cc5034c2e81805562dd3b45fa.png",
      "current_price_usd": 0.0517354862468581,
      "price_change_24h": 7.09,
      "tx_volume_u_24h": 176102.95605,
      "holders": 13825,
      "market_cap": "23260946.06676138503415585697433806",
      "fdv": "51735455.59474822716288075697433806",
      "risk_score": "40"
    },
    {
      "token": "0x9521728bf66a867bc65a93ece4a543d817871eb7",
      "chain": "bsc",
      "symbol": "CREO",
      "name": "CREO",
      "logo_url": "https://www.iconaves.com/token_icon/bsc/0x9521728bf66a867bc65a93ece4a543d817871eb7.png",
      "current_price_usd": 0.011894594755844666,
      "price_change_24h": 7.03,
      "tx_volume_u_24h": 45616.060287,
      "holders": 18135,
      "market_cap": "3748837.3017617244103781752211037200",
      "fdv": "6872378.2095088256385973977924421600",
      "risk_score": "55"
    },
    {
      "token": "0xb33ff54b9f7242ef1593d2c9bcd8f9df46c77935",
      "chain": "base",
      "symbol": "FAI",
      "name": "FAI",
      "logo_url": "https://www.iconaves.com/token_icon/base/0xb33ff54b9f7242ef1593d2c9bcd8f9df46c77935.png",
      "current_price_usd": 0.019710469897826426,
      "price_change_24h": 6.31,
      "tx_volume_u_24h": 473103.486378,
      "holders": 98588,
      "market_cap": "161422835.322229081012200000",
      "fdv": "161422835.322229081012200000",
      "risk_score": "40"
    },
    {
      "token": "0xabd834a7823567673e1ac07635d5d9857b34a8d3",
      "chain": "bsc",
      "symbol": "AFT",
      "name": "AFT",
      "logo_url": "https://www.iconaves.com/ipfs/fourmeme/0xabd834a7823567673e1ac07635d5d9857b34a8d3.png",
      "current_price_usd": 0.022171394174788417,
      "price_change_24h": 5.83,
      "tx_volume_u_24h": 590453.683219,
      "holders": 43040,
      "market_cap": "21921981.1401936618499649249355790560",
      "fdv": "21921981.1401936618499649249355790560",
      "risk_score": "40"
    },
    {
      "token": "2zMMhcVQEXDtdE6vsFS7S7D5oUodfJHE8vd1gnBouauv",
      "chain": "solana",
      "symbol": "PENGU",
      "name": "PENGU",
      "logo_url": "https://www.iconaves.com/token_icon_solana/solana/2zMMhcVQEXDtdE6vsFS7S7D5oUodfJHE8vd1gnBouauv.png",
      "current_price_usd": 0.015297664893269705,
      "price_change_24h": 5.7,
      "tx_volume_u_24h": 6791423.876512,
      "holders": 513280,
      "market_cap": "1173693885.680327567170666595596690",
      "fdv": "1173693885.680327567170666595596690",
      "risk_score": "55"
    },
    {
      "token": "0x0d4629ff6d6ca422178dc66a21eea0dfb182e72c",
      "chain": "bsc",
      "symbol": "COPX",
      "name": "CopXToken",
      "logo_url": "https://www.iconaves.com/token_icon_request/670284c0bf88250496e0bda3_1728218305.png",
      "current_price_usd": 0.1196780215653547,
      "price_change_24h": 5.65,
      "tx_volume_u_24h": 126632.707194,
      "holders": 48097,
      "market_cap": "119277628.14899963466453525307738252",
      "fdv": "119277628.14899963466453525307738252",
      "risk_score": "40"
    },
    {
      "token": "0x464ebe77c293e473b48cfe96ddcf88fcf7bfdac0",
      "chain": "eth",
      "symbol": "KRL",
      "name": "Kryll",
      "logo_url": "https://www.iconaves.com/token_icon/eth/0x464ebe77c293e473b48cfe96ddcf88fcf7bfdac0.png",
      "current_price_usd": 0.37259631946332405,
      "price_change_24h": 5.58,
      "tx_volume_u_24h": 41126.196158,
      "holders": 14309,
      "market_cap": "18412721.98243825781561940",
      "fdv": "18412721.98243825781561940",
      "risk_score": "55"
    },
    {
      "token": "0xa49fa5e8106e2d6d6a69e78df9b6a20aab9c4444",
      "chain": "bsc",
      "symbol": "DONKEY",
      "name": "DONKEY",
      "logo_url": "https://www.iconaves.com/token_icon_request/6813859f8ef8acd0fd1f4ed6_1746109856.png",
      "current_price_usd": 0.002501368652114302,
      "price_change_24h": 5.36,
      "tx_volume_u_24h": 1276625.959386,
      "holders": 9039,
      "market_cap": "2501368.3344404831814836460000000000",
      "fdv": "2501368.3344404831814836460000000000",
      "risk_score": "40"
    },
    {
      "token": "0xa04132e9442addee64354f47fc97e42fa3949f36",
      "chain": "bsc",
      "symbol": "JK",
      "name": "JK",
      "logo_url": "https://www.iconaves.com/token_icon_request/6819bd3a7fbc3a642c55b30a_1746517306.png",
      "current_price_usd": 2.1234463272796518,
      "price_change_24h": 5.36,
      "tx_volume_u_24h": 70492.839888,
      "holders": 9704,
      "market_cap": "421246.4687163339390207456526188",
      "fdv": "633591.1014442991190207456526188",
      "risk_score": "20"
    },
    {
      "token": "G1jydhghPMLBXRFPR3wyJ9HbpKPR3Rv7M8Yakfo5pump",
      "chain": "solana",
      "symbol": "stickman",
      "name": "stickman",
      "logo_url": "https://www.iconaves.com/ipfs/pump/G1jydhghPMLBXRFPR3wyJ9HbpKPR3Rv7M8Yakfo5pump_147.webp",
      "current_price_usd": 0.0005451467765156755,
      "price_change_24h": 4.95,
      "tx_volume_u_24h": 920287.04549,
      "holders": 4456,
      "market_cap": "545146.7765156755000000000",
      "fdv": "545146.7765156755000000000",
      "risk_score": "0"
    },
    {
      "token": "0x0bc7ac7d9f591fb139bdee2ec908af59cce5f2a0",
      "chain": "polygon",
      "symbol": "BTTP",
      "name": "BTTP",
      "logo_url": "https://www.iconaves.com/token_icon_request/67f4b089813ccbfc5fe8252c_1744089225.png",
      "current_price_usd": 4.29754731779891,
      "price_change_24h": 4.82,
      "tx_volume_u_24h": 193995.136943,
      "holders": 44427,
      "market_cap": "92722771.897772198375028697887788",
      "fdv": "92722771.897772198375028697887788",
      "risk_score": "20"
    },
    {
      "token": "0x0df0587216a4a1bb7d5082fdc491d93d2dd4b413",
      "chain": "bsc",
      "symbol": "Cheems",
      "name": "Cheems",
      "logo_url": "https://www.logofacade.com/token_icon/bsc/0x0df0587216a4a1bb7d5082fdc491d93d2dd4b413.png",
      "current_price_usd": 0.0000017695974930785048,
      "price_change_24h": 4.45,
      "tx_volume_u_24h": 1279156.606452,
      "holders": 79349,
      "market_cap": "316509141.62334231140001705063318338911264",
      "fdv": "360419145.47275098385107127830990018911264",
      "risk_score": "20"
    },
    {
      "token": "0xfa980ced6895ac314e7de34ef1bfae90a5add21b",
      "chain": "base",
      "symbol": "PRIME",
      "name": "PRIME",
      "logo_url": "https://www.iconaves.com/token_icon/base/0xfa980ced6895ac314e7de34ef1bfae90a5add21b.png",
      "current_price_usd": 4.368243167883914,
      "price_change_24h": 4.3,
      "tx_volume_u_24h": 90917.216987,
      "holders": 96294,
      "market_cap": "6340339.553866101707695832854333047625106",
      "fdv": "6340339.553866101707695832854333047625106",
      "risk_score": "55"
    },
    {
      "token": "0x8a953cfe442c5e8855cc6c61b1293fa648bae472",
      "chain": "polygon",
      "symbol": "PolyDoge",
      "name": "PolyDoge",
      "logo_url": "https://www.iconaves.com/token_icon/polygon/0x8a953cfe442c5e8855cc6c61b1293fa648bae472.png",
      "current_price_usd": 7.329032789423369e-9,
      "price_change_24h": 4.24,
      "tx_volume_u_24h": 31902.446576,
      "holders": 259220,
      "market_cap": "6266713.8694042906044383388184655",
      "fdv": "6266713.8694042906044383388184655",
      "risk_score": "40"
    },
    {
      "token": "0x02f92800f57bcd74066f5709f1daa1a4302df875",
      "chain": "eth",
      "symbol": "PEAS",
      "name": "PEAS",
      "logo_url": "https://www.iconaves.com/token_icon/eth/0x02f92800f57bcd74066f5709f1daa1a4302df875.png",
      "current_price_usd": 3.725721219653157,
      "price_change_24h": 4.22,
      "tx_volume_u_24h": 130544.96840661908,
      "holders": 5593,
      "market_cap": "37027036.751643444175021229670651",
      "fdv": "37027036.751643444175021229670651",
      "risk_score": "40"
    },
    {
      "token": "AMjzRn1TBQwQfNAjHFeBb7uGbbqbJB7FzXAnGgdFPk6K",
      "chain": "solana",
      "symbol": "SOLCEX",
      "name": "SOLCEX",
      "logo_url": "https://www.iconaves.com/token_icon_solana/solana/AMjzRn1TBQwQfNAjHFeBb7uGbbqbJB7FzXAnGgdFPk6K.png",
      "current_price_usd": 0.008893098940263694,
      "price_change_24h": 4.15,
      "tx_volume_u_24h": 934606.852838,
      "holders": 104885,
      "market_cap": "8892400.589298370454221037493042",
      "fdv": "8892400.589298370454221037493042",
      "risk_score": "40"
    },
    {
      "token": "KENJSUYLASHUMfHyy5o4Hp2FdNqZg1AsUPhfH2kYvEP",
      "chain": "solana",
      "symbol": "GRIFFAIN",
      "name": "GRIFFAIN",
      "logo_url": "https://www.iconaves.com/token_icon_solana/solana/KENJSUYLASHUMfHyy5o4Hp2FdNqZg1AsUPhfH2kYvEP.png",
      "current_price_usd": 0.13022836043932556,
      "price_change_24h": 3.96,
      "tx_volume_u_24h": 7843222.092626,
      "holders": 69411,
      "market_cap": "130211138.66574912008307504254764",
      "fdv": "130211138.66574912008307504254764",
      "risk_score": "40"
    },
    {
      "token": "0xd438b82543fb109f34575c825edaeefc98f1f2b4",
      "chain": "bsc",
      "symbol": "ICECREAM",
      "name": "ICECREAM",
      "logo_url": "https://www.iconaves.com/ipfs/fourmeme/0xd438b82543fb109f34575c825edaeefc98f1f2b4.png",
      "current_price_usd": 0.015453420537896124,
      "price_change_24h": 3.93,
      "tx_volume_u_24h": 57871.704377,
      "holders": 4449,
      "market_cap": "11816446.9260454100619634124663107560",
      "fdv": "15419717.0193050883537865464860789160",
      "risk_score": "40"
    },
    {
      "token": "0xb69753c06bb5c366be51e73bfc0cc2e3dc07e371",
      "chain": "eth",
      "symbol": "POOH",
      "name": "POOH",
      "logo_url": "https://www.iconaves.com/token_icon/eth/0xb69753c06bb5c366be51e73bfc0cc2e3dc07e371.png",
      "current_price_usd": 9.747565019209466e-9,
      "price_change_24h": 3.73,
      "tx_volume_u_24h": 73299.010029,
      "holders": 20746,
      "market_cap": "4100703.127931230251540000000000",
      "fdv": "4100703.127931230251540000000000",
      "risk_score": "40"
    },
    {
      "token": "0x003d87d02a2a01e9e8a20f507c83e15dd83a33d1",
      "chain": "bsc",
      "symbol": "GTAI",
      "name": "GTAI",
      "logo_url": "https://www.iconaves.com/token_icon/bsc/0x003d87d02a2a01e9e8a20f507c83e15dd83a33d1.png",
      "current_price_usd": 0.2203689635328035,
      "price_change_24h": 3.66,
      "tx_volume_u_24h": 49690.95855697759,
      "holders": 19357,
      "market_cap": "16527672.26496026250000000000000000",
      "fdv": "16527672.26496026250000000000000000",
      "risk_score": "40"
    },
    {
      "token": "0xd3c304697f63b279cd314f92c19cdbe5e5b1631a",
      "chain": "bsc",
      "symbol": "GPC",
      "name": "GPC",
      "logo_url": "https://www.iconaves.com/token_icon_request/67b5d2b147c4666df51f8d7e_1739969202.png",
      "current_price_usd": 0.0025700344731958633,
      "price_change_24h": 3.55,
      "tx_volume_u_24h": 34713.69737,
      "holders": 5953,
      "market_cap": "1261080.87979170446149043896873383",
      "fdv": "1261080.87979170446149043896873383",
      "risk_score": "20"
    },
    {
      "token": "0xd38b305cac06990c0887032a02c03d6839f770a8",
      "chain": "bsc",
      "symbol": "LGCT",
      "name": "LGCT",
      "logo_url": "https://www.iconaves.com/token_icon/bsc/0xd38b305cac06990c0887032a02c03d6839f770a8.png",
      "current_price_usd": 2.0172889782199412,
      "price_change_24h": 3.33,
      "tx_volume_u_24h": 181170.343074,
      "holders": 1081,
      "market_cap": "605186693.46598236000000000",
      "fdv": "605186693.46598236000000000",
      "risk_score": "40"
    },
    {
      "token": "0xb23d80f5fefcddaa212212f028021b41ded428cf",
      "chain": "eth",
      "symbol": "PRIME",
      "name": "PRIME",
      "logo_url": "https://www.iconaves.com/token_icon/eth/0xb23d80f5fefcddaa212212f028021b41ded428cf.png",
      "current_price_usd": 4.341710828673251,
      "price_change_24h": 3.3,
      "tx_volume_u_24h": 526947.1369706148,
      "holders": 29130,
      "market_cap": "482412314.296545476574591861",
      "fdv": "482412314.296545476574591861",
      "risk_score": "40"
    },
    {
      "token": "0x333333c465a19c85f85c6cfbed7b16b0b26e3333",
      "chain": "base",
      "symbol": "ORA",
      "name": "ORA",
      "logo_url": "https://www.iconaves.com/token_icon/base/0x333333c465a19c85f85c6cfbed7b16b0b26e3333.png",
      "current_price_usd": 0.6627077832333074,
      "price_change_24h": 3.13,
      "tx_volume_u_24h": 44779.5034483208,
      "holders": 92020,
      "market_cap": "21896233.8642865445977630129722",
      "fdv": "21896233.8642865445977630129722",
      "risk_score": "40"
    },
    {
      "token": "0xeac9873291ddaca754ea5642114151f3035c67a2",
      "chain": "bsc",
      "symbol": "DCB",
      "name": "Decubate Token",
      "logo_url": "https://www.iconaves.com/token_icon/bsc/0xeac9873291ddaca754ea5642114151f3035c67a2.png",
      "current_price_usd": 0.011145913958084794,
      "price_change_24h": 3,
      "tx_volume_u_24h": 93632.083633,
      "holders": 14328,
      "market_cap": "10004298.5569608606165411617405428800",
      "fdv": "10004298.5569608606165411617405428800",
      "risk_score": "40"
    },
    {
      "token": "0x12b4356c65340fb02cdff01293f95febb1512f3b",
      "chain": "bsc",
      "symbol": "Broccoli",
      "name": "Broccoli",
      "logo_url": "https://www.iconaves.com/token_icon_request/67b67c121fbf5fb82ce3ebd6_1740012563.png",
      "current_price_usd": 0.02500365336220639,
      "price_change_24h": 2.54,
      "tx_volume_u_24h": 2305982.6310289996,
      "holders": 18565,
      "market_cap": "17366237.550549341337879392701938100",
      "fdv": "22366968.222990619337879392701938100",
      "risk_score": "40"
    },
    {
      "token": "0xadd39272e83895e7d3f244f696b7a25635f34234",
      "chain": "eth",
      "symbol": "PEPU",
      "name": "PEPU",
      "logo_url": "https://www.iconaves.com/token_icon_request/67585ace5362a2b89a86aed8_1733843662.png",
      "current_price_usd": 0.002062263982622032,
      "price_change_24h": 2.49,
      "tx_volume_u_24h": 186667.02908725996,
      "holders": 75163,
      "market_cap": "16497905.602179605967561736722576",
      "fdv": "16497905.602179605967561736722576",
      "risk_score": "40"
    },
    {
      "token": "0x6985884c4392d348587b19cb9eaaf157f13271cd",
      "chain": "eth",
      "symbol": "ZRO",
      "name": "ZRO",
      "logo_url": "https://www.iconaves.com/token_icon/eth/0x6985884c4392d348587b19cb9eaaf157f13271cd.png",
      "current_price_usd": 3.1826029689332183,
      "price_change_24h": 2.47,
      "tx_volume_u_24h": 426282.643553,
      "holders": 13932,
      "market_cap": "3013051643.9401025622091580577305",
      "fdv": "3013051643.9401025622091580577305",
      "risk_score": "40"
    },
    {
      "token": "0xf3d9a9ec890587f4f7aeb4908f2fab6884999999",
      "chain": "bsc",
      "symbol": "BKB",
      "name": "BKB",
      "logo_url": "https://www.iconaves.com/token_icon_request/67f73c0f813ccbfc5fe82530_1744256015.png",
      "current_price_usd": 0.6621529640026046,
      "price_change_24h": 2.36,
      "tx_volume_u_24h": 137992.363014,
      "holders": 15142,
      "market_cap": "236248.59260433339850305393519590",
      "fdv": "236248.59260433339850305393519590",
      "risk_score": "20"
    },
    {
      "token": "25hAyBQfoDhfWx9ay6rarbgvWGwDdNqcHsXS3jQ3mTDJ",
      "chain": "solana",
      "symbol": "MANEKI",
      "name": "MANEKI",
      "logo_url": "https://www.iconaves.com/token_icon_solana/solana/25hAyBQfoDhfWx9ay6rarbgvWGwDdNqcHsXS3jQ3mTDJ.png",
      "current_price_usd": 0.0021238544550298806,
      "price_change_24h": 2.35,
      "tx_volume_u_24h": 1423038.572427,
      "holders": 70212,
      "market_cap": "18814613.857245191129852767425030",
      "fdv": "18814613.857245191129852767425030",
      "risk_score": "40"
    },
    {
      "token": "0x31c8eacbffdd875c74b94b077895bd78cf1e64a3",
      "chain": "eth",
      "symbol": "RAD",
      "name": "RAD",
      "logo_url": "https://www.iconaves.com/token_icon/eth/0x31c8eacbffdd875c74b94b077895bd78cf1e64a3.png",
      "current_price_usd": 0.8505211403438399,
      "price_change_24h": 2.3,
      "tx_volume_u_24h": 259990.366891,
      "holders": 7489,
      "market_cap": "85050906.2943647017473420",
      "fdv": "85050906.2943647017473420",
      "risk_score": "40"
    },
    {
      "token": "CN162nCPpq3DxPCyKLbAvEJeB1aCxsnVTEG4ZU8vpump",
      "chain": "solana",
      "symbol": "A47",
      "name": "A47",
      "logo_url": "https://www.iconaves.com/ipfs/pump/CN162nCPpq3DxPCyKLbAvEJeB1aCxsnVTEG4ZU8vpump.png",
      "current_price_usd": 0.029936641787442847,
      "price_change_24h": 2.26,
      "tx_volume_u_24h": 1339144.419616,
      "holders": 45846,
      "market_cap": "29936365.411267609687022367714958",
      "fdv": "29936365.411267609687022367714958",
      "risk_score": "40"
    },
    {
      "token": "A8bcY1eSenMiMy75vgSnp6ShMfWHRHjeM6JxfM1CNDL",
      "chain": "solana",
      "symbol": "CANDLE",
      "name": "CANDLE",
      "logo_url": "",
      "current_price_usd": 0.0012960982399848175,
      "price_change_24h": 2.17,
      "tx_volume_u_24h": 2181875.569043,
      "holders": 2451,
      "market_cap": "12960972.977405455864352131937450",
      "fdv": "12960972.977405455864352131937450",
      "risk_score": "55"
    },
    {
      "token": "0x6985884c4392d348587b19cb9eaaf157f13271cd",
      "chain": "base",
      "symbol": "ZRO",
      "name": "ZRO",
      "logo_url": "https://www.iconaves.com/token_icon/base/0x6985884c4392d348587b19cb9eaaf157f13271cd.png",
      "current_price_usd": 3.1652529411881094,
      "price_change_24h": 2.02,
      "tx_volume_u_24h": 990669.838092,
      "holders": 416848,
      "market_cap": "20086623.2006365701230779458114",
      "fdv": "20086623.2006365701230779458114",
      "risk_score": "40"
    },
    {
      "token": "0xb0ac2b5a73da0e67a8e5489ba922b3f8d582e058",
      "chain": "eth",
      "symbol": "SHIRO",
      "name": "SHIRO",
      "logo_url": "https://www.iconaves.com/token_icon_request/675686a1032e55ea60bc5e92_1733723811.png",
      "current_price_usd": 1.8140459284716334e-8,
      "price_change_24h": 1.95,
      "tx_volume_u_24h": 83611.09072832651,
      "holders": 20137,
      "market_cap": "14969506.2385969371680685449540000",
      "fdv": "14969506.2385969371680685449540000",
      "risk_score": "55"
    },
    {
      "token": "0xf944e35f95e819e752f3ccb5faf40957d311e8c5",
      "chain": "eth",
      "symbol": "MOCA",
      "name": "MOCA",
      "logo_url": "https://www.iconaves.com/token_icon/eth/0xf944e35f95e819e752f3ccb5faf40957d311e8c5.png",
      "current_price_usd": 0.1061555045609437,
      "price_change_24h": 1.92,
      "tx_volume_u_24h": 317466.64554116596,
      "holders": 7981,
      "market_cap": "943604484.8918057737236056",
      "fdv": "943604484.8918057737236056",
      "risk_score": "40"
    },
    {
      "token": "0x8f15e4efa7f8c6c1645e908b91c2641dea7c6fd6",
      "chain": "bsc",
      "symbol": "BMT",
      "name": "BMT",
      "logo_url": "https://www.iconaves.com/token_icon_request/67e22b0dab3df955c23c4795_1742875405.png",
      "current_price_usd": 0.9065595097933483,
      "price_change_24h": 1.88,
      "tx_volume_u_24h": 45039.117696,
      "holders": 2683,
      "market_cap": "18784080.882064683561263378495063602",
      "fdv": "18784080.882064683561263378495063602",
      "risk_score": "20"
    },
    {
      "token": "ZEUS1aR7aX8DFFJf5QjWj2ftDDdNTroMNGo8YoQm3Gq",
      "chain": "solana",
      "symbol": "ZEUS",
      "name": "ZEUS",
      "logo_url": "https://www.iconaves.com/token_icon_solana/solana/ZEUS1aR7aX8DFFJf5QjWj2ftDDdNTroMNGo8YoQm3Gq.png",
      "current_price_usd": 0.2845423667312771,
      "price_change_24h": 1.77,
      "tx_volume_u_24h": 1965372.597465,
      "holders": 90370,
      "market_cap": "284541571.635810801748020965866",
      "fdv": "284541571.635810801748020965866",
      "risk_score": "55"
    },
    {
      "token": "0xcf6bb5389c92bdda8a3747ddb454cb7a64626c63",
      "chain": "bsc",
      "symbol": "XVS",
      "name": "Venus",
      "logo_url": "https://www.iconaves.com/token_icon/bsc/0xcf6bb5389c92bdda8a3747ddb454cb7a64626c63.png",
      "current_price_usd": 7.218917660385367,
      "price_change_24h": 1.76,
      "tx_volume_u_24h": 195786.795552,
      "holders": 78287,
      "market_cap": "212887461.25656976237764309333161436",
      "fdv": "212887461.25656976237764309333161436",
      "risk_score": "40"
    },
    {
      "token": "0x0550d58794d94de810257a6356eb65ee51450a27",
      "chain": "bsc",
      "symbol": "AIX",
      "name": "AIX",
      "logo_url": "https://www.iconaves.com/token_icon_request/68174f7f189030b6c931d994_1746358143.png",
      "current_price_usd": 1.743574108199434,
      "price_change_24h": 1.65,
      "tx_volume_u_24h": 124683.996511,
      "holders": 10772,
      "market_cap": "140599099.45578019712540290450268338",
      "fdv": "173727007.51156944312540290450268338",
      "risk_score": "20"
    },
    {
      "token": "0x311434160d7537be358930def317afb606c0d737",
      "chain": "polygon",
      "symbol": "NAKA",
      "name": "NAKA",
      "logo_url": "https://www.iconaves.com/token_icon/polygon/0x311434160d7537be358930def317afb606c0d737.png",
      "current_price_usd": 0.4915246395402809,
      "price_change_24h": 1.56,
      "tx_volume_u_24h": 23019.092419,
      "holders": 29411,
      "market_cap": "88474435.1172505620000000",
      "fdv": "88474435.1172505620000000",
      "risk_score": "55"
    },
    {
      "token": "0x701add4311e85c1f9c1549319fe2c476bc8a1b8b",
      "chain": "bsc",
      "symbol": "GOT",
      "name": "GOLDEN PACT",
      "logo_url": "https://www.iconaves.com/token_icon_request/67cda5f6fa963c3bbeb3dd09_1741530614.png",
      "current_price_usd": 105.0130778966233,
      "price_change_24h": 1.55,
      "tx_volume_u_24h": 3327075.930147,
      "holders": 235685,
      "market_cap": "71306591.24634522343597785442490",
      "fdv": "71306591.24634522343597785442490",
      "risk_score": "20"
    },
    {
      "token": "0xbe9895146f7af43049ca1c1ae358b0541ea49704",
      "chain": "eth",
      "symbol": "cbETH",
      "name": "cbETH",
      "logo_url": "https://www.iconaves.com/token_icon/eth/0xbe9895146f7af43049ca1c1ae358b0541ea49704.png",
      "current_price_usd": 2955.0394065619057,
      "price_change_24h": 1.49,
      "tx_volume_u_24h": 31993.954466,
      "holders": 60019,
      "market_cap": "1163548543.39120601341468746246283",
      "fdv": "1163548543.39120601341468746246283",
      "risk_score": "55"
    },
    {
      "token": "0x3595afff15a7ccaeeeb787fd676f7a297319c24c",
      "chain": "bsc",
      "symbol": "NVB",
      "name": "NVB",
      "logo_url": "https://www.iconaves.com/token_icon_request/6731c8a2d876e90e2afc8a10_1731315874.png",
      "current_price_usd": 48.08892292846374,
      "price_change_24h": 1.46,
      "tx_volume_u_24h": 1579430.939918,
      "holders": 192711,
      "market_cap": "70651964.873867020049705720387340",
      "fdv": "70651964.873867020049705720387340",
      "risk_score": "20"
    },
    {
      "token": "0x2d060ef4d6bf7f9e5edde373ab735513c0e4f944",
      "chain": "bsc",
      "symbol": "AITECH",
      "name": "AITECH",
      "logo_url": "https://www.iconaves.com/token_icon_request/65527c07b2fc7c7226a02fb1_1699904519.png",
      "current_price_usd": 0.0654512827627415,
      "price_change_24h": 1.46,
      "tx_volume_u_24h": 413363.786122,
      "holders": 49431,
      "market_cap": "130266805.37673740328754368089322520",
      "fdv": "130266805.37673740328754368089322520",
      "risk_score": "40"
    },
    {
      "token": "0xd983ab71a284d6371908420d8ac6407ca943f810",
      "chain": "bsc",
      "symbol": "ULX",
      "name": "Ultron",
      "logo_url": "https://www.iconaves.com/token_icon/bsc/0xd983ab71a284d6371908420d8ac6407ca943f810.png",
      "current_price_usd": 0.012396294334914161,
      "price_change_24h": 1.38,
      "tx_volume_u_24h": 119020.330498,
      "holders": 9249,
      "market_cap": "1397438.1940454984754899742315570342",
      "fdv": "1397438.1940454984754899742315570342",
      "risk_score": "55"
    },
    {
      "token": "0xc0d8daa6516bab4efce440860987e735bab44160",
      "chain": "bsc",
      "symbol": "vUSD",
      "name": "vUSD",
      "logo_url": "https://www.iconaves.com/token_icon/bsc/0xc0d8daa6516bab4efce440860987e735bab44160.png",
      "current_price_usd": 0.03326963750981646,
      "price_change_24h": 1.37,
      "tx_volume_u_24h": 182493.722686,
      "holders": 3438,
      "market_cap": "17825718.40612542256780808343676485482730048",
      "fdv": "17825718.40612542256780808343676485482730048",
      "risk_score": "55"
    },
    {
      "token": "0x808507121b80c02388fad14726482e061b8da827",
      "chain": "eth",
      "symbol": "PENDLE",
      "name": "PENDLE",
      "logo_url": "https://www.iconaves.com/token_icon/eth/0x808507121b80c02388fad14726482e061b8da827.png",
      "current_price_usd": 4.115532354151103,
      "price_change_24h": 1.32,
      "tx_volume_u_24h": 1650470.403996,
      "holders": 54036,
      "market_cap": "1158635322.71269321069063923617832",
      "fdv": "1158635322.71269321069063923617832",
      "risk_score": "55"
    },
    {
      "token": "HohL7oPEpzekWsWiDSa1ewohT92QZyumWnUqiUQKq6SK",
      "chain": "solana",
      "symbol": "MYKU",
      "name": "MYKU",
      "logo_url": "https://www.iconaves.com/token_icon/solana/HohL7oPEpzekWsWiDSa1ewohT92QZyumWnUqiUQKq6SK.png",
      "current_price_usd": 0.0010913795318526604,
      "price_change_24h": 1.2,
      "tx_volume_u_24h": 693210.924791,
      "holders": 1210,
      "market_cap": "1091368.5636843527647632726817040812",
      "fdv": "1091368.5636843527647632726817040812",
      "risk_score": "55"
    },
    {
      "token": "0x8881562783028f5c1bcb985d2283d5e170d88888",
      "chain": "eth",
      "symbol": "SHFL",
      "name": "SHFL",
      "logo_url": "https://www.iconaves.com/token_icon/eth/0x8881562783028f5c1bcb985d2283d5e170d88888.png",
      "current_price_usd": 0.2286225933397295,
      "price_change_24h": 1.18,
      "tx_volume_u_24h": 58004.066645,
      "holders": 4013,
      "market_cap": "217398929.3318481691258252466492625",
      "fdv": "217398929.3318481691258252466492625",
      "risk_score": "40"
    },
    {
      "token": "0x6952c5408b9822295ba4a7e694d0c5ffdb8fe320",
      "chain": "bsc",
      "symbol": "FAIR3",
      "name": "FAIR3",
      "logo_url": "https://www.iconaves.com/token_icon_request/67e63b471aeebfcf55d0ce44_1743141703.png",
      "current_price_usd": 0.023613519098612715,
      "price_change_24h": 1.04,
      "tx_volume_u_24h": 285873.562975,
      "holders": 27579,
      "market_cap": "22097866.7937045982502425884717000000",
      "fdv": "22097866.7937045982502425884717000000",
      "risk_score": "40"
    },
    {
      "token": "0x2ac2b254bc18cd4999f64773a966e4f4869c34ee",
      "chain": "arbitrum",
      "symbol": "PNP",
      "name": "PNP",
      "logo_url": "https://www.iconaves.com/token_icon/arbitrum/0x2ac2b254bc18cd4999f64773a966e4f4869c34ee.png",
      "current_price_usd": 2.980353834512761,
      "price_change_24h": 0.97,
      "tx_volume_u_24h": 108855.518357,
      "holders": 7584,
      "market_cap": "25564836.68850073692252390577423",
      "fdv": "25564836.68850073692252390577423",
      "risk_score": "55"
    },
    {
      "token": "0x0c880f6761f1af8d9aa9c466984b80dab9a8c9e8",
      "chain": "arbitrum",
      "symbol": "PENDLE",
      "name": "PENDLE",
      "logo_url": "https://www.iconaves.com/token_icon/arbitrum/0x0c880f6761f1af8d9aa9c466984b80dab9a8c9e8.png",
      "current_price_usd": 4.1167129917721255,
      "price_change_24h": 0.94,
      "tx_volume_u_24h": 4590351.327653,
      "holders": 57749,
      "market_cap": "123611660.4144354679282313591283648706770095",
      "fdv": "123611660.4144354679282313591283648706770095",
      "risk_score": "55"
    },
    {
      "token": "HNg5PYJmtqcmzXrv6S9zP1CDKk5BgDuyFBxbvNApump",
      "chain": "solana",
      "symbol": "ALCH",
      "name": "ALCH",
      "logo_url": "https://www.iconaves.com/token_icon_solana/solana/HNg5PYJmtqcmzXrv6S9zP1CDKk5BgDuyFBxbvNApump.png",
      "current_price_usd": 0.15418860924033043,
      "price_change_24h": 0.91,
      "tx_volume_u_24h": 5514494.794467,
      "holders": 32498,
      "market_cap": "154186430.37062018910348096546695",
      "fdv": "154186430.37062018910348096546695",
      "risk_score": "40"
    },
    {
      "token": "66ce7iZ5uqnVbh4Rt5wChHWyVfUvv1LJrBo8o214pump",
      "chain": "solana",
      "symbol": "EZ",
      "name": "EZ",
      "logo_url": "https://www.iconaves.com/token_icon_solana/solana/66ce7iZ5uqnVbh4Rt5wChHWyVfUvv1LJrBo8o214pump.png",
      "current_price_usd": 0.0019738466929169556,
      "price_change_24h": 0.81,
      "tx_volume_u_24h": 783994.031829,
      "holders": 3211,
      "market_cap": "1973487.3034257865046014833855888",
      "fdv": "1973487.3034257865046014833855888",
      "risk_score": "40"
    },
    {
      "token": "0x9beec80e62aa257ced8b0edd8692f79ee8783777",
      "chain": "base",
      "symbol": "TIMI",
      "name": "This Is My Iguana",
      "logo_url": "https://www.iconaves.com/token_icon_request/66a22fa3e0e3ad06d08acace_1721905060.png",
      "current_price_usd": 0.0005395879345354084,
      "price_change_24h": 0.77,
      "tx_volume_u_24h": 26312.145652,
      "holders": 422474,
      "market_cap": "508413.515610366601001962393028956",
      "fdv": "508413.515610366601001962393028956",
      "risk_score": "40"
    },
    {
      "token": "0x761d38e5ddf6ccf6cf7c55759d5210750b5d60f3",
      "chain": "eth",
      "symbol": "ELON",
      "name": "ELON",
      "logo_url": "https://www.iconaves.com/token_icon/eth/0x761d38e5ddf6ccf6cf7c55759d5210750b5d60f3.png",
      "current_price_usd": 1.7302490247500527e-7,
      "price_change_24h": 0.74,
      "tx_volume_u_24h": 1256977.19621,
      "holders": 162177,
      "market_cap": "173024902.47500527000000000000000",
      "fdv": "173024902.47500527000000000000000",
      "risk_score": "40"
    },
    {
      "token": "0xd6afd6bfade550ad3959460212e2fd1624b8cac5",
      "chain": "bsc",
      "symbol": "DYOR",
      "name": "DYOR",
      "logo_url": "https://www.iconaves.com/token_icon_request/67cfd2a05a7d93ff97591ca1_1741673120.png",
      "current_price_usd": 14.670536440898875,
      "price_change_24h": 0.7,
      "tx_volume_u_24h": 110860.577416,
      "holders": 10175,
      "market_cap": "1467053.6440898875000000000000000",
      "fdv": "1467053.6440898875000000000000000",
      "risk_score": "20"
    },
    {
      "token": "0xe26a492ced210bd84e11147e8aec84b23390f22e",
      "chain": "bsc",
      "symbol": "SPA",
      "name": "SPA",
      "logo_url": "https://www.iconaves.com/token_icon_request/67237bc3a41673b9608edd9c_1730378691.png",
      "current_price_usd": 34.78181135024967,
      "price_change_24h": 0.59,
      "tx_volume_u_24h": 390063.196748,
      "holders": 28143,
      "market_cap": "6671302.605996631564663364602044",
      "fdv": "6897384.379773254419663364602044",
      "risk_score": "20"
    },
    {
      "token": "0x78f5d389f5cdccfc41594abab4b0ed02f31398b3",
      "chain": "bsc",
      "symbol": "APX",
      "name": "ApolloX Token",
      "logo_url": "https://www.iconaves.com/token_icon/bsc/0x78f5d389f5cdccfc41594abab4b0ed02f31398b3.png",
      "current_price_usd": 0.05686728572185802,
      "price_change_24h": 0.56,
      "tx_volume_u_24h": 190439.905301,
      "holders": 25712,
      "market_cap": "226061996.21127375486317603435614",
      "fdv": "226061996.21127375486317603435614",
      "risk_score": "55"
    },
    {
      "token": "0x3ca729bfd4bbad155f072752510226b37a5b7723",
      "chain": "bsc",
      "symbol": "AGON",
      "name": "AGON",
      "logo_url": "https://www.iconaves.com/ipfs/fourmeme/0x3ca729bfd4bbad155f072752510226b37a5b7723.png",
      "current_price_usd": 0.008801529636082087,
      "price_change_24h": 0.44,
      "tx_volume_u_24h": 230441.185816,
      "holders": 3626,
      "market_cap": "8657477.0453945630845154731838341920",
      "fdv": "8657477.0453945630845154731838341920",
      "risk_score": "40"
    },
    {
      "token": "0xf35c6498192ba79b26dcc1a94bf8631a88888888",
      "chain": "bsc",
      "symbol": "CSM",
      "name": "CSM",
      "logo_url": "https://www.iconaves.com/token_icon/bsc/0xF35C6498192ba79b26DCC1a94Bf8631a88888888.gif",
      "current_price_usd": 107.28217926629188,
      "price_change_24h": 0.43,
      "tx_volume_u_24h": 1312498.50431,
      "holders": 17621,
      "market_cap": "16092434.17212304829188",
      "fdv": "16092434.17212304829188",
      "risk_score": "20"
    },
    {
      "token": "0xa5e4ccf218cef628c85364253e5432d2cf18c87e",
      "chain": "bsc",
      "symbol": "KSP",
      "name": "KSP",
      "logo_url": "https://www.iconaves.com/token_icon_request/67fe59371c19ea6952e46423_1744722232.png",
      "current_price_usd": 125.28451764479507,
      "price_change_24h": 0.19,
      "tx_volume_u_24h": 6658066.393073,
      "holders": 137703,
      "market_cap": "50653861.172806031545241508842340",
      "fdv": "50653861.172806031545241508842340",
      "risk_score": "20"
    },
    {
      "token": "0x194b302a4b0a79795fb68e2adf1b8c9ec5ff8d1f",
      "chain": "bsc",
      "symbol": "wkeyDAO",
      "name": "WebKey DAO",
      "logo_url": "https://www.iconaves.com/token_icon_request/672cb790f2c55b174461c12c_1730983825.png",
      "current_price_usd": 40.434433415610165,
      "price_change_24h": 0.18,
      "tx_volume_u_24h": 8549862.634284,
      "holders": 568976,
      "market_cap": "276156625.0973478526081059297090300",
      "fdv": "276156625.0973478526081059297090300",
      "risk_score": "20"
    },
    {
      "token": "0x9ab7bb7fdc60f4357ecfef43986818a2a3569c62",
      "chain": "eth",
      "symbol": "GOG",
      "name": "GOG",
      "logo_url": "https://www.iconaves.com/token_icon/eth/0x9ab7bb7fdc60f4357ecfef43986818a2a3569c62.png",
      "current_price_usd": 0.018778760479041343,
      "price_change_24h": 0.05,
      "tx_volume_u_24h": 48836.099949,
      "holders": 8499,
      "market_cap": "18778760.479041343000000000",
      "fdv": "18778760.479041343000000000",
      "risk_score": "40"
    },
    {
      "token": "9zNQRsGLjNKwCUU5Gq5LR8beUCPzQMVMqKAi3SSZh54u",
      "chain": "solana",
      "symbol": "FDUSD",
      "name": "FDUSD",
      "logo_url": "https://www.iconaves.com/token_icon/solana/9zNQRsGLjNKwCUU5Gq5LR8beUCPzQMVMqKAi3SSZh54u.png",
      "current_price_usd": 0.998394918728252,
      "price_change_24h": 0.01,
      "tx_volume_u_24h": 814158.709512,
      "holders": 3116,
      "market_cap": "103838395.886656454334482572808",
      "fdv": "103838395.886656454334482572808",
      "risk_score": "20"
    }
  ],
  "timestamp": 1747245014590
}