{
  "data": [
    {
      "token": "0x92aa03137385f18539301349dcfc9ebc923ffb10",
      "chain": "bsc",
      "symbol": "SKYAI",
      "name": "SKYAI",
      "logo_url": "https://www.iconaves.com/token_icon_request/6805c068281fe5fc3af0ae0b_1745207400.png",
      "current_price_usd": 0.0726894621186689,
      "price_change_24h": 14.3,
      "tx_volume_u_24h": 395991087.772212,
      "holders": 48874,
      "market_cap": "72689462.11866890000000000000000000",
      "fdv": "72689462.11866890000000000000000000",
      "risk_score": "40"
    },
    {
      "token": "0xc71b5f631354be6853efe9c3ab6b9590f8302e81",
      "chain": "bsc",
      "symbol": "ZKJ",
      "name": "ZKJ",
      "logo_url": "https://www.iconaves.com/token_icon/bsc/0xc71b5f631354be6853efe9c3ab6b9590f8302e81.png",
      "current_price_usd": 2.05811205891498,
      "price_change_24h": -4.09,
      "tx_volume_u_24h": 245346669.572449,
      "holders": 60142,
      "market_cap": "205811205.616040239020277045476918",
      "fdv": "205811205.616040239020277045476918",
      "risk_score": "40"
    },
    {
      "token": "0xd9a71f58761ef191834042561c3d02ab0c1375f3",
      "chain": "bsc",
      "symbol": "DeepSeek",
      "name": "DeepSeek",
      "logo_url": "https://www.iconaves.com/token_icon_request/682479e189bf5f167ad066fc_1747220961.png",
      "current_price_usd": 24.333237483009917,
      "price_change_24h": 5247.14,
      "tx_volume_u_24h": 30580323.688272,
      "holders": 15145,
      "market_cap": "4744981.3091869338150000",
      "fdv": "4744981.3091869338150000",
      "risk_score": "40"
    },
    {
      "token": "0x3d4f0513e8a29669b960f9dbca61861548a9a760",
      "chain": "bsc",
      "symbol": "BANANAS31",
      "name": "Banana For Scale",
      "logo_url": "https://www.iconaves.com/token_icon_request/673c21d4b4e3e465ecf998cd_1731994068.png",
      "current_price_usd": 0.005652970697445861,
      "price_change_24h": 11.72,
      "tx_volume_u_24h": 12282700.353957,
      "holders": 120776,
      "market_cap": "56121530.6136159440308527171278119800",
      "fdv": "56121530.6136159440308527171278119800",
      "risk_score": "20"
    },
    {
      "token": "0x8d0d000ee44948fc98c9b98a4fa4921476f08b0d",
      "chain": "bsc",
      "symbol": "USD1",
      "name": "World Liberty Financial USD",
      "logo_url": "https://www.iconaves.com/token_icon/bsc/0x8d0d000ee44948fc98c9b98a4fa4921476f08b0d.png",
      "current_price_usd": 1.0002651000738698,
      "price_change_24h": -0.16,
      "tx_volume_u_24h": 10995820.421853,
      "holders": 4949,
      "market_cap": "2114049115.04469089710046420000000000",
      "fdv": "2114049115.04469089710046420000000000",
      "risk_score": "55"
    },
    {
      "token": "0xb994882a1b9bd98a71dd6ea5f61577c42848b0e8",
      "chain": "bsc",
      "symbol": "WoD",
      "name": "WoD",
      "logo_url": "https://www.iconaves.com/token_icon/bsc/0xb994882a1b9bd98a71dd6ea5f61577c42848b0e8.png",
      "current_price_usd": 0.08232494951541133,
      "price_change_24h": 0.59,
      "tx_volume_u_24h": 10393302.650639,
      "holders": 102660,
      "market_cap": "82324949.51540634132121474559371290104353471",
      "fdv": "82324949.51540634132121474559371290104353471",
      "risk_score": "40"
    },
    {
      "token": "0x194b302a4b0a79795fb68e2adf1b8c9ec5ff8d1f",
      "chain": "bsc",
      "symbol": "wkeyDAO",
      "name": "WebKey DAO",
      "logo_url": "https://www.iconaves.com/token_icon_request/672cb790f2c55b174461c12c_1730983825.png",
      "current_price_usd": 40.22936291395149,
      "price_change_24h": -0.31,
      "tx_volume_u_24h": 8517858.606682,
      "holders": 568982,
      "market_cap": "274756047.103265796066697237425180",
      "fdv": "274756047.103265796066697237425180",
      "risk_score": "20"
    },
    {
      "token": "0xa5e4ccf218cef628c85364253e5432d2cf18c87e",
      "chain": "bsc",
      "symbol": "KSP",
      "name": "KSP",
      "logo_url": "https://www.iconaves.com/token_icon_request/67fe59371c19ea6952e46423_1744722232.png",
      "current_price_usd": 124.6785089618738,
      "price_change_24h": -0.36,
      "tx_volume_u_24h": 6652707.366018,
      "holders": 137702,
      "market_cap": "50408845.42567884188395978249560",
      "fdv": "50408845.42567884188395978249560",
      "risk_score": "20"
    },
    {
      "token": "0xb21b24f12c6125487a33fcf96ab06a5c74114444",
      "chain": "bsc",
      "symbol": "naiive",
      "name": "naiive",
      "logo_url": "https://www.iconaves.com/token_icon_request/6822edb4fb4a1ceeb24a20b3_1747119540.png",
      "current_price_usd": 0.0024284589780482852,
      "price_change_24h": -40.6,
      "tx_volume_u_24h": 5787169.402008,
      "holders": 4059,
      "market_cap": "2428458.9780482852000000000",
      "fdv": "2428458.9780482852000000000",
      "risk_score": "0"
    },
    {
      "token": "0x3cfed764cfed47926afd792a388823514135137f",
      "chain": "bsc",
      "symbol": "RWA",
      "name": "RWA",
      "logo_url": "https://www.iconaves.com/token_icon_request/678145b71d35551569039782_1736525239.png",
      "current_price_usd": 118.51066903255595,
      "price_change_24h": -1.21,
      "tx_volume_u_24h": 4282229.99505,
      "holders": 149290,
      "market_cap": "100030147.179041317507738046193600",
      "fdv": "100030147.179041317507738046193600",
      "risk_score": "20"
    },
    {
      "token": "0x9840652dc04fb9db2c43853633f0f62be6f00f98",
      "chain": "bsc",
      "symbol": "CGPT",
      "name": "CGPT",
      "logo_url": "https://www.iconaves.com/token_icon/bsc/0x9840652dc04fb9db2c43853633f0f62be6f00f98.png",
      "current_price_usd": 0.1356514626784137,
      "price_change_24h": -1.18,
      "tx_volume_u_24h": 3873779.247683,
      "holders": 68498,
      "market_cap": "135363969.82439623377984055847091030",
      "fdv": "135363969.82439623377984055847091030",
      "risk_score": "40"
    },
    {
      "token": "0xc748673057861a797275cd8a068abb95a902e8de",
      "chain": "bsc",
      "symbol": "BabyDoge",
      "name": "Baby Doge Coin",
      "logo_url": "https://www.iconaves.com/token_icon/bsc/0xc748673057861a797275cd8a068abb95a902e8de.png",
      "current_price_usd": 1.8361494895994737e-9,
      "price_change_24h": -10,
      "tx_volume_u_24h": 3764011.47741,
      "holders": 1901384,
      "market_cap": "305287511.4021787491509548987038210",
      "fdv": "372052423.9749816485813652316366600",
      "risk_score": "20"
    },
    {
      "token": "0x6894cde390a3f51155ea41ed24a33a4827d3063d",
      "chain": "bsc",
      "symbol": "CAT",
      "name": "Simons Cat",
      "logo_url": "https://www.iconaves.com/token_icon/bsc/0x6894cde390a3f51155ea41ed24a33a4827d3063d.png",
      "current_price_usd": 0.000010965283130351305,
      "price_change_24h": -10.98,
      "tx_volume_u_24h": 3672452.971338,
      "holders": 267058,
      "market_cap": "78945288.0290940033338222614177630000000",
      "fdv": "78945288.0290940033338222614177630000000",
      "risk_score": "40"
    },
    {
      "token": "0x997a58129890bbda032231a52ed1ddc845fc18e1",
      "chain": "bsc",
      "symbol": "SIREN",
      "name": "SIREN",
      "logo_url": "https://www.iconaves.com/token_icon_request/67ada653ce79307f5611e245_1739433556.png",
      "current_price_usd": 0.14743618207717854,
      "price_change_24h": -19.64,
      "tx_volume_u_24h": 3461978.491377,
      "holders": 51359,
      "market_cap": "107895322.96231208062324277224092",
      "fdv": "107895322.96231208062324277224092",
      "risk_score": "40"
    },
    {
      "token": "0x701add4311e85c1f9c1549319fe2c476bc8a1b8b",
      "chain": "bsc",
      "symbol": "GOT",
      "name": "GOLDEN PACT",
      "logo_url": "https://www.iconaves.com/token_icon_request/67cda5f6fa963c3bbeb3dd09_1741530614.png",
      "current_price_usd": 105.5121365493588,
      "price_change_24h": 1.54,
      "tx_volume_u_24h": 3326331.761229,
      "holders": 235684,
      "market_cap": "71645464.95685196328132575405640",
      "fdv": "71645464.95685196328132575405640",
      "risk_score": "20"
    },
    {
      "token": "0xd5eaaac47bd1993d661bc087e15dfb079a7f3c19",
      "chain": "bsc",
      "symbol": "KOMA",
      "name": "KOMA",
      "logo_url": "https://www.logofacade.com/token_icon_request/670755d661081168c2e04412_1728533974.png",
      "current_price_usd": 0.029302187462614974,
      "price_change_24h": -8.46,
      "tx_volume_u_24h": 2571282.6660592738,
      "holders": 45251,
      "market_cap": "6209388.6531294837428594903990248800",
      "fdv": "6209388.6531294837428594903990248800",
      "risk_score": "20"
    },
    {
      "token": "0x002d0619eab294d21fef071f8b780cae7e999999",
      "chain": "bsc",
      "symbol": "PLAYFUN",
      "name": "PLAYFUN",
      "logo_url": "https://www.iconaves.com/token_icon_request/681ef810f2087d82fec8741c_1746860048.png",
      "current_price_usd": 0.000046516850015735004,
      "price_change_24h": 34.7,
      "tx_volume_u_24h": 2475411.126345,
      "holders": 8754,
      "market_cap": "9467812.16303295029099334534851712",
      "fdv": "9467812.16303295029099334534851712",
      "risk_score": "20"
    },
    {
      "token": "0x12b4356c65340fb02cdff01293f95febb1512f3b",
      "chain": "bsc",
      "symbol": "Broccoli",
      "name": "Broccoli",
      "logo_url": "https://www.iconaves.com/token_icon_request/67b67c121fbf5fb82ce3ebd6_1740012563.png",
      "current_price_usd": 0.024914099253516547,
      "price_change_24h": 2.17,
      "tx_volume_u_24h": 2314503.035921,
      "holders": 18564,
      "market_cap": "17304037.9230546538196239835928691300",
      "fdv": "22286857.7737579632196239835928691300",
      "risk_score": "40"
    },
    {
      "token": "0x4507cef57c46789ef8d1a19ea45f4216bae2b528",
      "chain": "bsc",
      "symbol": "TOKEN",
      "name": "TokenFi",
      "logo_url": "https://www.iconaves.com/token_icon/bsc/0x4507cef57c46789ef8d1a19ea45f4216bae2b528.png",
      "current_price_usd": 0.024658632240713654,
      "price_change_24h": -4.53,
      "tx_volume_u_24h": 2024746.621552,
      "holders": 51240,
      "market_cap": "120461059.6934542362890648360262849040",
      "fdv": "120461059.6934542362890648360262849040",
      "risk_score": "20"
    },
    {
      "token": "0x56559bc5ead43f42326d82f7e32a4a7ef76482e1",
      "chain": "bsc",
      "symbol": "MECO",
      "name": "MECO",
      "logo_url": "https://www.iconaves.com/token_icon_request/6823515962b6077ed2e11ded_1747145049.png",
      "current_price_usd": 0.0007860806192394439,
      "price_change_24h": 79.23,
      "tx_volume_u_24h": 2017038.631325,
      "holders": 1394,
      "market_cap": "573838.85204479404700000000",
      "fdv": "786080.6192394439000000000",
      "risk_score": "40"
    },
    {
      "token": "0xcf640fdf9b3d9e45cbd69fda91d7e22579c14444",
      "chain": "bsc",
      "symbol": "gorilla",
      "name": "gorilla",
      "logo_url": "https://www.iconaves.com/token_icon_request/681accc2384a9851ff3fcc92_1746586818.png",
      "current_price_usd": 0.0016788854029202523,
      "price_change_24h": -7.91,
      "tx_volume_u_24h": 1657679.619503,
      "holders": 4794,
      "market_cap": "1678885.40292025230000000000000000000",
      "fdv": "1678885.40292025230000000000000000000",
      "risk_score": "40"
    },
    {
      "token": "0x3595afff15a7ccaeeeb787fd676f7a297319c24c",
      "chain": "bsc",
      "symbol": "NVB",
      "name": "NVB",
      "logo_url": "https://www.iconaves.com/token_icon_request/6731c8a2d876e90e2afc8a10_1731315874.png",
      "current_price_usd": 47.84494239152534,
      "price_change_24h": 1.02,
      "tx_volume_u_24h": 1578201.639468,
      "holders": 192711,
      "market_cap": "70293510.093099283451043892072940",
      "fdv": "70293510.093099283451043892072940",
      "risk_score": "20"
    },
    {
      "token": "0x1d2f0da169ceb9fc7b3144628db156f3f6c60dbe",
      "chain": "bsc",
      "symbol": "XRP",
      "name": "Binance-Peg XRP Token",
      "logo_url": "https://www.iconaves.com/token_icon/bsc/0x1d2f0da169ceb9fc7b3144628db156f3f6c60dbe.png",
      "current_price_usd": 2.5349545199895926,
      "price_change_24h": -0.98,
      "tx_volume_u_24h": 1401558.321186,
      "holders": 444968,
      "market_cap": "820148623.29204320180637653437911980",
      "fdv": "820148623.29204320180637653437911980",
      "risk_score": "55"
    },
    {
      "token": "0x5c85d6c6825ab4032337f11ee92a72df936b46f6",
      "chain": "bsc",
      "symbol": "mubarak",
      "name": "mubarak",
      "logo_url": "https://www.iconaves.com/token_icon_request/67d2c8cbf7fe8db9e9597c42_1741867211.png",
      "current_price_usd": 0.05801233931191152,
      "price_change_24h": -14.57,
      "tx_volume_u_24h": 1315349.210268,
      "holders": 24175,
      "market_cap": "56661683.088087924972906133229955840",
      "fdv": "56661683.088087924972906133229955840",
      "risk_score": "40"
    },
    {
      "token": "0x74836cc0e821a6be18e407e6388e430b689c66e9",
      "chain": "bsc",
      "symbol": "Jager",
      "name": "Jager",
      "logo_url": "https://www.iconaves.com/token_icon_request/681232c9b790ea72025d4394_1746023114.png",
      "current_price_usd": 4.319875433899506e-10,
      "price_change_24h": -30,
      "tx_volume_u_24h": 1301305.235347,
      "holders": 141864,
      "market_cap": "6162609.30470067906464727321270014520000000",
      "fdv": "6162609.30470067906464727321270014520000000",
      "risk_score": "20"
    },
    {
      "token": "0xa49fa5e8106e2d6d6a69e78df9b6a20aab9c4444",
      "chain": "bsc",
      "symbol": "DONKEY",
      "name": "DONKEY",
      "logo_url": "https://www.iconaves.com/token_icon_request/6813859f8ef8acd0fd1f4ed6_1746109856.png",
      "current_price_usd": 0.0025047293063085,
      "price_change_24h": 6.33,
      "tx_volume_u_24h": 1278801.985328,
      "holders": 9042,
      "market_cap": "2504728.98820787809882050000000000",
      "fdv": "2504728.98820787809882050000000000",
      "risk_score": "40"
    },
    {
      "token": "0x0df0587216a4a1bb7d5082fdc491d93d2dd4b413",
      "chain": "bsc",
      "symbol": "Cheems",
      "name": "Cheems",
      "logo_url": "https://www.logofacade.com/token_icon/bsc/0x0df0587216a4a1bb7d5082fdc491d93d2dd4b413.png",
      "current_price_usd": 0.0000017712513826775668,
      "price_change_24h": 4.32,
      "tx_volume_u_24h": 1278586.339683,
      "holders": 79349,
      "market_cap": "316804955.32074319520431504736915188093424",
      "fdv": "360755998.04986624326612951172246068093424",
      "risk_score": "20"
    },
    {
      "token": "0xfb5b838b6cfeedc2873ab27866079ac55363d37e",
      "chain": "bsc",
      "symbol": "FLOKI",
      "name": "FLOKI",
      "logo_url": "https://www.iconaves.com/token_icon/bsc/0xfb5b838b6cfeedc2873ab27866079ac55363d37e_1697876808.png",
      "current_price_usd": 0.00010809369203519308,
      "price_change_24h": -8.12,
      "tx_volume_u_24h": 1099196.545727,
      "holders": 449024,
      "market_cap": "444675427.00817814472873500197584",
      "fdv": "444675427.00817814472873500197584",
      "risk_score": "40"
    },
    {
      "token": "0xedf5ad8950b6f206697a049c4e2bd00289888888",
      "chain": "bsc",
      "symbol": "WSC",
      "name": "WSC",
      "logo_url": "https://www.iconaves.com/token_icon_request/681dbc7cd6808b54c26ac176_1746779260.png",
      "current_price_usd": 0.00032297743154211515,
      "price_change_24h": -5.07,
      "tx_volume_u_24h": 1083748.588507,
      "holders": 35947,
      "market_cap": "322977431.541792172568457884850",
      "fdv": "322977431.54211515000000000000",
      "risk_score": "20"
    },
    {
      "token": "0xdc84096074269d8f304d476124101249d105b60d",
      "chain": "bsc",
      "symbol": "FSP",
      "name": "FSP",
      "logo_url": "https://www.iconaves.com/token_icon_request/67c26d92c365abe257a97e0e_1740795282.png",
      "current_price_usd": 0.14785004885620984,
      "price_change_24h": 16.59,
      "tx_volume_u_24h": 1029187.379422,
      "holders": 193471,
      "market_cap": "13495959.006061174438347493107520872",
      "fdv": "14312248.597482633836947390038122552",
      "risk_score": "55"
    },
    {
      "token": "0x75da2849aab9a7970be603449a5b4b47efe61178",
      "chain": "bsc",
      "symbol": "DWN",
      "name": "DWN",
      "logo_url": "https://www.iconaves.com/token_icon_request/68023e208c67b2d1fdfb21fa_1744977441.png",
      "current_price_usd": 1.8396344784847167,
      "price_change_24h": -13.7,
      "tx_volume_u_24h": 1021826.386188,
      "holders": 9172,
      "market_cap": "3004685.67693343374750474514781388",
      "fdv": "3004685.67693343374750474514781388",
      "risk_score": "20"
    },
    {
      "token": "0x33d08d8c7a168333a85285a68c0042b39fc3741d",
      "chain": "bsc",
      "symbol": "AIOZ",
      "name": "AIOZ Network",
      "logo_url": "https://www.iconaves.com/token_icon/bsc/0x33d08d8c7a168333a85285a68c0042b39fc3741d.png",
      "current_price_usd": 0.49973441686226056,
      "price_change_24h": -6.76,
      "tx_volume_u_24h": 787403.1524832296,
      "holders": 24465,
      "market_cap": "55237303.232585791804927494332660072",
      "fdv": "55237303.232585791804927494332660072",
      "risk_score": "55"
    },
    {
      "token": "0x9ec02756a559700d8d9e79ece56809f7bcc5dc27",
      "chain": "bsc",
      "symbol": "WHY",
      "name": "WHY",
      "logo_url": "https://www.logofacade.com/token_icon_request/665134cd028d7c846d383fb1_1716602673.png",
      "current_price_usd": 4.270497589763313e-8,
      "price_change_24h": -15.29,
      "tx_volume_u_24h": 707229.382129,
      "holders": 97343,
      "market_cap": "17933746.524658596519465152657408922750000",
      "fdv": "17933746.524658596519465152657408922750000",
      "risk_score": "40"
    },
    {
      "token": "0x6eee024f681156523d34ed48036b500cc6cee156",
      "chain": "bsc",
      "symbol": "BKB",
      "name": "BKB",
      "logo_url": "https://www.iconaves.com/token_icon_request/680c5a4a44cde6b3ea080b53_1745640010.png",
      "current_price_usd": 101.98445352360378,
      "price_change_24h": -1.95,
      "tx_volume_u_24h": 703315.577234,
      "holders": 23920,
      "market_cap": "4336942.91687780200612188503455890",
      "fdv": "4336942.91687780200612188503455890",
      "risk_score": "20"
    },
    {
      "token": "0xabd834a7823567673e1ac07635d5d9857b34a8d3",
      "chain": "bsc",
      "symbol": "AFT",
      "name": "AFT",
      "logo_url": "https://www.iconaves.com/ipfs/fourmeme/0xabd834a7823567673e1ac07635d5d9857b34a8d3.png",
      "current_price_usd": 0.022275748855391575,
      "price_change_24h": 5.37,
      "tx_volume_u_24h": 589485.330672,
      "holders": 43040,
      "market_cap": "22025161.9019463311232336701776596000",
      "fdv": "22025161.9019463311232336701776596000",
      "risk_score": "40"
    },
    {
      "token": "0xfbf1388408670c02f0dbbb74251d8ded1d63b7a2",
      "chain": "bsc",
      "symbol": "BATB",
      "name": "BATB",
      "logo_url": "https://www.iconaves.com/token_icon_request/681ed10c2baf022d9c9b9ddf_1746850060.png",
      "current_price_usd": 2.633252896081439,
      "price_change_24h": -4.71,
      "tx_volume_u_24h": 578793.1262,
      "holders": 9932,
      "market_cap": "1811677992.504030032000000",
      "fdv": "1811677992.504030032000000",
      "risk_score": "55"
    },
    {
      "token": "0x51363f073b1e4920fda7aa9e9d84ba97ede1560e",
      "chain": "bsc",
      "symbol": "BOB",
      "name": "BOB",
      "logo_url": "https://www.iconaves.com/token_icon_request/6739d38a93bde6a74f37a597_1731842955.png",
      "current_price_usd": 5.852123846491436e-9,
      "price_change_24h": 8,
      "tx_volume_u_24h": 499837.226929,
      "holders": 29219,
      "market_cap": "2461921.8137631138379009433148066310984000",
      "fdv": "2461921.8137631138379009433148066310984000",
      "risk_score": "40"
    },
    {
      "token": "0x4fa7c69a7b69f8bc48233024d546bc299d6b03bf",
      "chain": "bsc",
      "symbol": "quq",
      "name": "quq",
      "logo_url": "https://www.iconaves.com/token_icon_request/67e6a6f83e0e9fa4466400d8_1743169272.png",
      "current_price_usd": 0.001132060437077416,
      "price_change_24h": -16.21,
      "tx_volume_u_24h": 482764.381086,
      "holders": 6430,
      "market_cap": "971683.0539944249850135496156729600",
      "fdv": "971683.0539944249850135496156729600",
      "risk_score": "40"
    },
    {
      "token": "0x3203c9e46ca618c8c1ce5dc67e7e9d75f5da2377",
      "chain": "bsc",
      "symbol": "MBOX",
      "name": "Mobox",
      "logo_url": "https://www.iconaves.com/token_icon/bsc/0x3203c9e46ca618c8c1ce5dc67e7e9d75f5da2377.png",
      "current_price_usd": 0.07529067526876942,
      "price_change_24h": -5.05,
      "tx_volume_u_24h": 449131.3543473345,
      "holders": 194883,
      "market_cap": "40543782.722677787634400831619949808",
      "fdv": "40543782.722677787634400831619949808",
      "risk_score": "55"
    },
    {
      "token": "0x2d060ef4d6bf7f9e5edde373ab735513c0e4f944",
      "chain": "bsc",
      "symbol": "AITECH",
      "name": "AITECH",
      "logo_url": "https://www.iconaves.com/token_icon_request/65527c07b2fc7c7226a02fb1_1699904519.png",
      "current_price_usd": 0.06546876533745885,
      "price_change_24h": 1.48,
      "tx_volume_u_24h": 413871.651332,
      "holders": 49431,
      "market_cap": "130301600.709419343087068510923727880",
      "fdv": "130301600.709419343087068510923727880",
      "risk_score": "40"
    },
    {
      "token": "0x9beee89723ceec27d7c2834bec6834208ffdc202",
      "chain": "bsc",
      "symbol": "AVL",
      "name": "AVL",
      "logo_url": "https://www.iconaves.com/token_icon/bsc/0x9beee89723ceec27d7c2834bec6834208ffdc202.png",
      "current_price_usd": 0.2830853137959077,
      "price_change_24h": -0.24,
      "tx_volume_u_24h": 397384.605848,
      "holders": 45712,
      "market_cap": "6923983.97159960606466751614060000",
      "fdv": "6923983.97159960606466751614060000",
      "risk_score": "55"
    },
    {
      "token": "0xe26a492ced210bd84e11147e8aec84b23390f22e",
      "chain": "bsc",
      "symbol": "SPA",
      "name": "SPA",
      "logo_url": "https://www.iconaves.com/token_icon_request/67237bc3a41673b9608edd9c_1730378691.png",
      "current_price_usd": 34.78181135024967,
      "price_change_24h": 1.11,
      "tx_volume_u_24h": 390054.46205651166,
      "holders": 28143,
      "market_cap": "6671302.605996631564663364602044",
      "fdv": "6897384.379773254419663364602044",
      "risk_score": "20"
    },
    {
      "token": "0x3199a64bc8aabdfd9a3937a346cc59c3d81d8a9a",
      "chain": "bsc",
      "symbol": "Mubarakah",
      "name": "Mubarakah",
      "logo_url": "https://www.iconaves.com/token_icon_request/68088265e01473aa9f165281_1745388174.png",
      "current_price_usd": 0.0012121937338682679,
      "price_change_24h": -12.95,
      "tx_volume_u_24h": 378612.233271,
      "holders": 5434,
      "market_cap": "525162.45100063125051094731217437000",
      "fdv": "525162.45100063125051094731217437000",
      "risk_score": "40"
    },
    {
      "token": "0x3ea6eb083ac2b82f3d87124f701770c0b9e6228f",
      "chain": "bsc",
      "symbol": "RATO",
      "name": "RATO",
      "logo_url": "https://www.iconaves.com/token_icon_request/6821744d9d9b92d5e6e59ddc_1747022925.png",
      "current_price_usd": 2.9245718379717956e-7,
      "price_change_24h": 30.22,
      "tx_volume_u_24h": 374001.289832,
      "holders": 2734,
      "market_cap": "116260.85978499328622870105087372140",
      "fdv": "116260.85978499328622870105087372140",
      "risk_score": "40"
    },
    {
      "token": "0x208bf3e7da9639f1eaefa2de78c23396b0682025",
      "chain": "bsc",
      "symbol": "TAG",
      "name": "TAG",
      "logo_url": "https://www.iconaves.com/token_icon_request/67712cd0ddb0e902b91eccbd_1735470289.png",
      "current_price_usd": 0.00009367175323922752,
      "price_change_24h": 74.8,
      "tx_volume_u_24h": 370159.592211,
      "holders": 6427,
      "market_cap": "10375233.263582022879232000000000000000",
      "fdv": "10375233.263582022879232000000000000000",
      "risk_score": "50"
    },
    {
      "token": "0xf8a0bf9cf54bb92f17374d9e9a321e6a111a51bd",
      "chain": "bsc",
      "symbol": "LINK",
      "name": "Binance-Peg ChainLink Token",
      "logo_url": "https://www.iconaves.com/token_icon/bsc/0xf8a0bf9cf54bb92f17374d9e9a321e6a111a51bd.png",
      "current_price_usd": 16.850992493973312,
      "price_change_24h": -1.74,
      "tx_volume_u_24h": 368752.310002779,
      "holders": 173497,
      "market_cap": "150043883.609099667069895773487915584",
      "fdv": "150043883.609099667069895773487915584",
      "risk_score": "55"
    },
    {
      "token": "0xcaae2a2f939f51d97cdfa9a86e79e3f085b799f3",
      "chain": "bsc",
      "symbol": "TUT",
      "name": "TUT",
      "logo_url": "https://www.iconaves.com/token_icon_request/67b6106f36200185d99a0330_1739985007.png",
      "current_price_usd": 0.03299977833517942,
      "price_change_24h": -5.47,
      "tx_volume_u_24h": 359238.00524202804,
      "holders": 15861,
      "market_cap": "23194167.996215941923217733004440400",
      "fdv": "23194167.996215941923217733004440400",
      "risk_score": "40"
    },
    {
      "token": "0x9f3bcbe48e8b754f331dfc694a894e8e686ac31d",
      "chain": "bsc",
      "symbol": "ACT",
      "name": "ACT",
      "logo_url": "https://www.iconaves.com/token_icon/bsc/0x9f3bcbe48e8b754f331dfc694a894e8e686ac31d.png",
      "current_price_usd": 0.052208250561150076,
      "price_change_24h": -1.95,
      "tx_volume_u_24h": 347312.594654,
      "holders": 160459,
      "market_cap": "116222881.6080756534081146853511717160",
      "fdv": "116222881.6080756534081146853511717160",
      "risk_score": "55"
    },
    {
      "token": "0x6cdd08de79231a1957f205a3fe5cf9dbf4b0c454",
      "chain": "bsc",
      "symbol": "BabyNeiro",
      "name": "Baby Neiro",
      "logo_url": "https://www.iconaves.com/token_icon_request/675d07dca8dfffd9eead6371_1734150109.png",
      "current_price_usd": 2.772991855667716e-12,
      "price_change_24h": 13.88,
      "tx_volume_u_24h": 339590.189219,
      "holders": 77424,
      "market_cap": "1081033.6130343423191029024247290880000000000",
      "fdv": "1081033.6130343423191029024247290880000000000",
      "risk_score": "20"
    },
    {
      "token": "0x47a1eb0b825b73e6a14807beaecafef199d5477c",
      "chain": "bsc",
      "symbol": "CaptainBNB",
      "name": "CaptainBNB",
      "logo_url": "https://www.iconaves.com/token_icon/bsc/0x47a1eb0b825b73e6a14807beaecafef199d5477c.png",
      "current_price_usd": 0.008595694065044322,
      "price_change_24h": 22.3,
      "tx_volume_u_24h": 335929.932488,
      "holders": 13636,
      "market_cap": "7673147.5888611940397469787306533132",
      "fdv": "7673147.5888611940397469787306533132",
      "risk_score": "40"
    },
    {
      "token": "0xc0041ef357b183448b235a8ea73ce4e4ec8c265f",
      "chain": "bsc",
      "symbol": "COOKIE",
      "name": "COOKIE",
      "logo_url": "https://www.iconaves.com/token_icon/bsc/0xc0041ef357b183448b235a8ea73ce4e4ec8c265f.png",
      "current_price_usd": 0.17757932471392882,
      "price_change_24h": -5.5,
      "tx_volume_u_24h": 317302.748878,
      "holders": 17417,
      "market_cap": "153466686.808979937774825840188300000",
      "fdv": "153466686.808979937774825840188300000",
      "risk_score": "40"
    },
    {
      "token": "0x87b756a58a29b9d320c9987e88b4410c9c01633c",
      "chain": "bsc",
      "symbol": "ORA",
      "name": "ORA",
      "logo_url": "https://www.iconaves.com/token_icon_request/68050ccdd3632abd9a597686_1745161421.png",
      "current_price_usd": 0.0028370613050651837,
      "price_change_24h": -18.2,
      "tx_volume_u_24h": 304098.104663,
      "holders": 9266,
      "market_cap": "1001255.67578310110976357703119692400",
      "fdv": "1001255.67578310110976357703119692400",
      "risk_score": "20"
    },
    {
      "token": "0x6952c5408b9822295ba4a7e694d0c5ffdb8fe320",
      "chain": "bsc",
      "symbol": "FAIR3",
      "name": "FAIR3",
      "logo_url": "https://www.iconaves.com/token_icon_request/67e63b471aeebfcf55d0ce44_1743141703.png",
      "current_price_usd": 0.023640917449192608,
      "price_change_24h": 1.14,
      "tx_volume_u_24h": 289562.232095,
      "holders": 27579,
      "market_cap": "22123506.5595926595646906875590400000",
      "fdv": "22123506.5595926595646906875590400000",
      "risk_score": "40"
    },
    {
      "token": "0xf7de7e8a6bd59ed41a4b5fe50278b3b7f31384df",
      "chain": "bsc",
      "symbol": "RDNT",
      "name": "RDNT",
      "logo_url": "https://www.iconaves.com/token_icon/bsc/0xf7de7e8a6bd59ed41a4b5fe50278b3b7f31384df.png",
      "current_price_usd": 0.0323588247320768,
      "price_change_24h": -2.51,
      "tx_volume_u_24h": 275968.078763,
      "holders": 164478,
      "market_cap": "5662955.02031268812776814558736128",
      "fdv": "5662955.02031268812776814558736128",
      "risk_score": "55"
    },
    {
      "token": "0x8263cd1601fe73c066bf49cc09841f35348e3be0",
      "chain": "bsc",
      "symbol": "ALU",
      "name": "Altura",
      "logo_url": "https://www.iconaves.com/token_icon/bsc/0x8263cd1601fe73c066bf49cc09841f35348e3be0.png",
      "current_price_usd": 0.0348893278819449,
      "price_change_24h": -5.52,
      "tx_volume_u_24h": 246148.411233,
      "holders": 74333,
      "market_cap": "45704999.61729448419617158033752660",
      "fdv": "45704999.61729448419617158033752660",
      "risk_score": "55"
    },
    {
      "token": "0xb0b84d294e0c75a6abe60171b70edeb2efd14a1b",
      "chain": "bsc",
      "symbol": "slisBNB",
      "name": "Synclub Staked BNB",
      "logo_url": "https://www.iconaves.com/token_icon/bsc/0xb0b84d294e0c75a6abe60171b70edeb2efd14a1b.png",
      "current_price_usd": 666.8277100113168,
      "price_change_24h": -2.03,
      "tx_volume_u_24h": 234071.95635043102,
      "holders": 331027,
      "market_cap": "463633354.16388123780143306488608",
      "fdv": "463633354.16388123780143306488608",
      "risk_score": "40"
    },
    {
      "token": "0xfebe8c1ed424dbf688551d4e2267e7a53698f0aa",
      "chain": "bsc",
      "symbol": "VINU",
      "name": "Vita Inu",
      "logo_url": "https://www.iconaves.com/token_icon/bsc/0xfebe8c1ed424dbf688551d4e2267e7a53698f0aa.png",
      "current_price_usd": 1.4555405356095465e-8,
      "price_change_24h": -3.16,
      "tx_volume_u_24h": 230891.660188,
      "holders": 69316,
      "market_cap": "13091722.0486439308030525344473373372000000",
      "fdv": "13091722.0486439308030525344473373372000000",
      "risk_score": "55"
    },
    {
      "token": "0x3ca729bfd4bbad155f072752510226b37a5b7723",
      "chain": "bsc",
      "symbol": "AGON",
      "name": "AGON",
      "logo_url": "https://www.iconaves.com/ipfs/fourmeme/0x3ca729bfd4bbad155f072752510226b37a5b7723.png",
      "current_price_usd": 0.008840906128908036,
      "price_change_24h": 0.82,
      "tx_volume_u_24h": 230352.905539,
      "holders": 3625,
      "market_cap": "8696209.0723108010067772439577509760",
      "fdv": "8696209.0723108010067772439577509760",
      "risk_score": "40"
    },
    {
      "token": "0x215324115417a13879f865dc5bb651b18a781a59",
      "chain": "bsc",
      "symbol": "KLKO",
      "name": "KLKO",
      "logo_url": "https://www.iconaves.com/token_icon_request/67d2408ac9cada4e0f80857e_1741832331.png",
      "current_price_usd": 0.7067389994087194,
      "price_change_24h": -3.19,
      "tx_volume_u_24h": 219440.8005714963,
      "holders": 10079,
      "market_cap": "7067389.28734819459128060000000000",
      "fdv": "7067389.28734819459128060000000000",
      "risk_score": "40"
    },
    {
      "token": "0x78f5d389f5cdccfc41594abab4b0ed02f31398b3",
      "chain": "bsc",
      "symbol": "APX",
      "name": "ApolloX Token",
      "logo_url": "https://www.iconaves.com/token_icon/bsc/0x78f5d389f5cdccfc41594abab4b0ed02f31398b3.png",
      "current_price_usd": 0.05686728572185802,
      "price_change_24h": 0.56,
      "tx_volume_u_24h": 190439.905301,
      "holders": 25712,
      "market_cap": "226061996.21127375486317603435614",
      "fdv": "226061996.21127375486317603435614",
      "risk_score": "55"
    },
    {
      "token": "0x795d2710e383f33fbebe980a155b29757b6703f3",
      "chain": "bsc",
      "symbol": "Ghibli",
      "name": "Ghibli",
      "logo_url": "https://www.iconaves.com/token_icon_request/67e77d9d997d3ee6de43d93b_1743224222.png",
      "current_price_usd": 0.0005766668001169398,
      "price_change_24h": -6.01,
      "tx_volume_u_24h": 181333.1872373475,
      "holders": 7027,
      "market_cap": "475897.90206158241318675364809072600",
      "fdv": "475897.90206158241318675364809072600",
      "risk_score": "40"
    },
    {
      "token": "0x1f43d2f16b598af110b75bb2fab6ceb362577b3a",
      "chain": "bsc",
      "symbol": "PIZZA",
      "name": "PIZZA",
      "logo_url": "https://www.iconaves.com/token_icon_request/67b5a46b0def2dcdf7c20955_1739957355.png",
      "current_price_usd": 0.0000296000554289205,
      "price_change_24h": -11.08,
      "tx_volume_u_24h": 180792.769112,
      "holders": 4598,
      "market_cap": "890175.146519068291706121673815",
      "fdv": "890175.146519068291706121673815",
      "risk_score": "20"
    },
    {
      "token": "0xd06716e1ff2e492cc5034c2e81805562dd3b45fa",
      "chain": "bsc",
      "symbol": "MGP",
      "name": "MGP",
      "logo_url": "https://www.iconaves.com/token_icon/bsc/0xd06716e1ff2e492cc5034c2e81805562dd3b45fa.png",
      "current_price_usd": 0.05176557204303254,
      "price_change_24h": 7.16,
      "tx_volume_u_24h": 176134.084782,
      "holders": 13825,
      "market_cap": "23274473.031190596815503346728458404",
      "fdv": "51765541.373097510836903006728458404",
      "risk_score": "40"
    },
    {
      "token": "0x23ce9e926048273ef83be0a3a8ba9cb6d45cd978",
      "chain": "bsc",
      "symbol": "DAR",
      "name": "DAR",
      "logo_url": "https://www.iconaves.com/token_icon/bsc/0x23ce9e926048273ef83be0a3a8ba9cb6d45cd978.png",
      "current_price_usd": 0.20226721386480193,
      "price_change_24h": 199.91,
      "tx_volume_u_24h": 172411.613172,
      "holders": 35192,
      "market_cap": "30526577.760352263986004601872750000",
      "fdv": "30526577.760352263986004601872750000",
      "risk_score": "55"
    },
    {
      "token": "0xabe8e5cabe24cb36df9540088fd7ce1175b9bc52",
      "chain": "bsc",
      "symbol": "SOLV",
      "name": "SOLV",
      "logo_url": "https://www.iconaves.com/token_icon/bsc/0xabe8e5cabe24cb36df9540088fd7ce1175b9bc52.png",
      "current_price_usd": 0.04395204680731143,
      "price_change_24h": 7.14,
      "tx_volume_u_24h": 171927.92012738163,
      "holders": 151283,
      "market_cap": "369197193.170963817898766157043361370",
      "fdv": "369197193.170963817898766157043361370",
      "risk_score": "40"
    },
    {
      "token": "0x59e69094398afbea632f8bd63033bdd2443a3be1",
      "chain": "bsc",
      "symbol": "MONKY",
      "name": "Wise Monkey",
      "logo_url": "https://www.logofacade.com/token_icon/bsc/0x59e69094398afbea632f8bd63033bdd2443a3be1.png",
      "current_price_usd": 0.0000011788004957654669,
      "price_change_24h": -13.95,
      "tx_volume_u_24h": 166135.515684,
      "holders": 692853,
      "market_cap": "11787998.91465545945198263532512190558580",
      "fdv": "11787998.91465545945198263532512190558580",
      "risk_score": "55"
    },
    {
      "token": "0x422cbee1289aae4422edd8ff56f6578701bb2878",
      "chain": "bsc",
      "symbol": "DDDD",
      "name": "DDDD",
      "logo_url": "https://www.iconaves.com/token_icon_request/67eab251f5e0a753f579dd9f_1743434322.png",
      "current_price_usd": 0.0016790589093119213,
      "price_change_24h": 28.31,
      "tx_volume_u_24h": 165160.546451,
      "holders": 11760,
      "market_cap": "1671931.30424189219408150000000000000",
      "fdv": "1671931.30424189219408150000000000000",
      "risk_score": "20"
    },
    {
      "token": "0xd5369a3cac0f4448a9a96bb98af9c887c92fc37b",
      "chain": "bsc",
      "symbol": "BUBB",
      "name": "BUBB",
      "logo_url": "https://www.iconaves.com/token_icon/bsc/0xd5369a3cac0f4448a9a96bb98af9c887c92fc37b.png",
      "current_price_usd": 0.0014167408258843658,
      "price_change_24h": -9.39,
      "tx_volume_u_24h": 160037.884447,
      "holders": 7410,
      "market_cap": "1277877.21285143482648928883193298600",
      "fdv": "1277877.21285143482648928883193298600",
      "risk_score": "40"
    },
    {
      "token": "0x81e2400fcd24fde373fb12bf9a537205ec037f2b",
      "chain": "bsc",
      "symbol": "ETN",
      "name": "ETN",
      "logo_url": "https://www.iconaves.com/token_icon_request/67efaae5cb92a0fa5015e43b_1743760101.png",
      "current_price_usd": 1.6158069043700842,
      "price_change_24h": -5.93,
      "tx_volume_u_24h": 155012.296557,
      "holders": 7586,
      "market_cap": "1872829.7110412344584665680264",
      "fdv": "1872829.7110412344584665680264",
      "risk_score": "20"
    },
    {
      "token": "0xd8a38df79a42b1cf93d6d9e62cf2fb9776666666",
      "chain": "bsc",
      "symbol": "HL",
      "name": "HL",
      "logo_url": "https://www.iconaves.com/token_icon_request/67e38ef80dc99b45f7457fc7_1742966522.png",
      "current_price_usd": 0.03838633132952404,
      "price_change_24h": -0.14,
      "tx_volume_u_24h": 148477.237279,
      "holders": 3629,
      "market_cap": "1930495.291484854861116611749189200",
      "fdv": "1930495.291484854861116611749189200",
      "risk_score": "20"
    },
    {
      "token": "0x4f1960e29b2ca581a38c5c474e123f420f8092db",
      "chain": "bsc",
      "symbol": "UBXS",
      "name": "UBXS",
      "logo_url": "https://www.iconaves.com/token_icon/bsc/0x4f1960e29b2ca581a38c5c474e123f420f8092db.png",
      "current_price_usd": 0.03198973472785619,
      "price_change_24h": 24.65,
      "tx_volume_u_24h": 144189.08865635775,
      "holders": 28847,
      "market_cap": "2040687.930017503477344231367260000",
      "fdv": "2104921.063703913603223096411580000",
      "risk_score": "40"
    },
    {
      "token": "0xdc06717f367e57a16e06cce0c4761604460da8fc",
      "chain": "bsc",
      "symbol": "BNB Card",
      "name": "BNB Card",
      "logo_url": "https://www.iconaves.com/token_icon_request/67d94ddfa0237ce5fe1d8b6a_1742294496.png",
      "current_price_usd": 0.0011773029976601993,
      "price_change_24h": -10.96,
      "tx_volume_u_24h": 141804.221899,
      "holders": 7816,
      "market_cap": "1119159.87411100420574414913358296738",
      "fdv": "1119159.87411100420574414913358296738",
      "risk_score": "40"
    },
    {
      "token": "0xc335df7c25b72eec661d5aa32a7c2b7b2a1d1874",
      "chain": "bsc",
      "symbol": "ICE",
      "name": "Ice",
      "logo_url": "https://www.iconaves.com/token_icon/bsc/0xc335df7c25b72eec661d5aa32a7c2b7b2a1d1874.png",
      "current_price_usd": 0.0064586712285509,
      "price_change_24h": -1.66,
      "tx_volume_u_24h": 138906.984775,
      "holders": 463056,
      "market_cap": "48543739.12383312990774870725236700",
      "fdv": "136508969.37611666492159130023996700",
      "risk_score": "55"
    },
    {
      "token": "0xf3d9a9ec890587f4f7aeb4908f2fab6884999999",
      "chain": "bsc",
      "symbol": "BKB",
      "name": "BKB",
      "logo_url": "https://www.iconaves.com/token_icon_request/67f73c0f813ccbfc5fe82530_1744256015.png",
      "current_price_usd": 0.6657330192621901,
      "price_change_24h": 2.67,
      "tx_volume_u_24h": 137917.32933,
      "holders": 15142,
      "market_cap": "237525.91531147677228963871070665",
      "fdv": "237525.91531147677228963871070665",
      "risk_score": "20"
    },
    {
      "token": "0x996d1b997203a024e205069a304161ba618d1c61",
      "chain": "bsc",
      "symbol": "TAT",
      "name": "TAT",
      "logo_url": "https://www.iconaves.com/token_icon_request/67dc9339d28c60f3fc42dcc2_1742508857.png",
      "current_price_usd": 0.000883721509888374,
      "price_change_24h": -7.38,
      "tx_volume_u_24h": 130857.689685,
      "holders": 4728,
      "market_cap": "68897.5891005897289764207060354000",
      "fdv": "68897.5891005897289764207060354000",
      "risk_score": "40"
    },
    {
      "token": "0xa18bbdcd86e4178d10ecd9316667cfe4c4aa8717",
      "chain": "bsc",
      "symbol": "BNBXBT",
      "name": "BNBXBT",
      "logo_url": "https://www.iconaves.com/token_icon/bsc/0xa18bbdcd86e4178d10ecd9316667cfe4c4aa8717.png",
      "current_price_usd": 0.0012619892247220045,
      "price_change_24h": -2.89,
      "tx_volume_u_24h": 129540.57068599145,
      "holders": 8688,
      "market_cap": "1212250.45541938532962177429047774500",
      "fdv": "1212250.45541938532962177429047774500",
      "risk_score": "40"
    },
    {
      "token": "0xd7b97179907a165fa3de7f6b835d233a91016777",
      "chain": "bsc",
      "symbol": "ZZ",
      "name": "ZZ",
      "logo_url": "https://www.iconaves.com/token_icon_request/681b7ef3ab69f8ddd3f4b2a2_1746632435.png",
      "current_price_usd": 0.0999198505283991,
      "price_change_24h": -23.03,
      "tx_volume_u_24h": 127068.961331,
      "holders": 2648,
      "market_cap": "782422.3453674150965926158011823",
      "fdv": "782422.3453674150965926158011823",
      "risk_score": "20"
    },
    {
      "token": "0x0d4629ff6d6ca422178dc66a21eea0dfb182e72c",
      "chain": "bsc",
      "symbol": "COPX",
      "name": "CopXToken",
      "logo_url": "https://www.iconaves.com/token_icon_request/670284c0bf88250496e0bda3_1728218305.png",
      "current_price_usd": 0.11955811560643283,
      "price_change_24h": 6.12,
      "tx_volume_u_24h": 126831.998607,
      "holders": 48097,
      "market_cap": "119158123.346078725461049095373546028",
      "fdv": "119158123.346078725461049095373546028",
      "risk_score": "40"
    },
    {
      "token": "0x7aaaa5b10f97321345acd76945083141be1c5631",
      "chain": "bsc",
      "symbol": "COW",
      "name": "COW",
      "logo_url": "https://www.iconaves.com/token_icon_request/676e8ebae0931c768bc67ae7_1735298746.png",
      "current_price_usd": 0.014846188720449429,
      "price_change_24h": -8.12,
      "tx_volume_u_24h": 125091.95754,
      "holders": 13515,
      "market_cap": "5217549.8807152310602013015631498",
      "fdv": "8350120.4739713308443454967031498",
      "risk_score": "20"
    },
    {
      "token": "0x0550d58794d94de810257a6356eb65ee51450a27",
      "chain": "bsc",
      "symbol": "AIX",
      "name": "AIX",
      "logo_url": "https://www.iconaves.com/token_icon_request/68174f7f189030b6c931d994_1746358143.png",
      "current_price_usd": 1.7439533374500973,
      "price_change_24h": 1.67,
      "tx_volume_u_24h": 124721.048011,
      "holders": 10772,
      "market_cap": "140629679.911683853806881365547576161",
      "fdv": "173764793.323235702506881365547576161",
      "risk_score": "20"
    },
    {
      "token": "0x477bc8d23c634c154061869478bce96be6045d12",
      "chain": "bsc",
      "symbol": "SFUND",
      "name": "SeedifyFund",
      "logo_url": "https://www.iconaves.com/token_icon/bsc/0x477bc8d23c634c154061869478bce96be6045d12.png",
      "current_price_usd": 0.7127775243533919,
      "price_change_24h": -3.04,
      "tx_volume_u_24h": 120547.086345,
      "holders": 64380,
      "market_cap": "71277691.79002279420820425700439321",
      "fdv": "71277691.79002279420820425700439321",
      "risk_score": "55"
    },
    {
      "token": "0xd983ab71a284d6371908420d8ac6407ca943f810",
      "chain": "bsc",
      "symbol": "ULX",
      "name": "Ultron",
      "logo_url": "https://www.iconaves.com/token_icon/bsc/0xd983ab71a284d6371908420d8ac6407ca943f810.png",
      "current_price_usd": 0.012399907794380466,
      "price_change_24h": 2.22,
      "tx_volume_u_24h": 119497.89499,
      "holders": 9249,
      "market_cap": "1397845.5404777808803237033092523052",
      "fdv": "1397845.5404777808803237033092523052",
      "risk_score": "55"
    },
    {
      "token": "0x49083d8e7daada7ede74c04ed52ec512fd9f006c",
      "chain": "bsc",
      "symbol": "BANK",
      "name": "BANK",
      "logo_url": "https://www.iconaves.com/token_icon_request/681df226361542fa3e8d12d2_1746792998.png",
      "current_price_usd": 0.32544305617643765,
      "price_change_24h": -9.43,
      "tx_volume_u_24h": 116957.1340016851,
      "holders": 2192,
      "market_cap": "1913118.073307292266051800618695735",
      "fdv": "1913118.073307292266051800618695735",
      "risk_score": "55"
    },
    {
      "token": "0x8f0528ce5ef7b51152a59745befdd91d97091d2f",
      "chain": "bsc",
      "symbol": "ALPACA",
      "name": "AlpacaToken",
      "logo_url": "https://www.iconaves.com/token_icon/bsc/0x8f0528ce5ef7b51152a59745befdd91d97091d2f.png",
      "current_price_usd": 0.19755504932370016,
      "price_change_24h": -12.72,
      "tx_volume_u_24h": 114065.270079,
      "holders": 77521,
      "market_cap": "22907965.025380250118742003877920704",
      "fdv": "22907965.025380250118742003877920704",
      "risk_score": "55"
    },
    {
      "token": "0xd6afd6bfade550ad3959460212e2fd1624b8cac5",
      "chain": "bsc",
      "symbol": "DYOR",
      "name": "DYOR",
      "logo_url": "https://www.iconaves.com/token_icon_request/67cfd2a05a7d93ff97591ca1_1741673120.png",
      "current_price_usd": 14.670536440898875,
      "price_change_24h": 0.7,
      "tx_volume_u_24h": 111462.6400402687,
      "holders": 10175,
      "market_cap": "1467053.6440898875000000000000000",
      "fdv": "1467053.6440898875000000000000000",
      "risk_score": "20"
    },
    {
      "token": "0x6bdcce4a559076e37755a78ce0c06214e59e4444",
      "chain": "bsc",
      "symbol": "B",
      "name": "B",
      "logo_url": "https://www.iconaves.com/token_icon_request/67f134f4d49c5149666c70b0_1743860980.png",
      "current_price_usd": 0.009363292985154132,
      "price_change_24h": 69.45,
      "tx_volume_u_24h": 100616.374157,
      "holders": 5734,
      "market_cap": "9363292.9851541320000000000000000000",
      "fdv": "9363292.9851541320000000000000000000",
      "risk_score": "40"
    },
    {
      "token": "0xb62ecf20338c19dde1117fea6293fbca86cd934e",
      "chain": "bsc",
      "symbol": "CMT",
      "name": "CMT",
      "logo_url": "https://www.iconaves.com/token_icon_request/67f5346859b1dfb20588ca6d_1744122985.png",
      "current_price_usd": 8.41287077547741,
      "price_change_24h": -0.61,
      "tx_volume_u_24h": 86534.124271,
      "holders": 7722,
      "market_cap": "173584548.942211374963443994150000",
      "fdv": "174045111.552814885773893994150000",
      "risk_score": "20"
    },
    {
      "token": "0x4d2d32d8652058bf98c772953e1df5c5c85d9f45",
      "chain": "bsc",
      "symbol": "DAO",
      "name": "DAO",
      "logo_url": "https://www.iconaves.com/token_icon/bsc/0x4d2d32d8652058bf98c772953e1df5c5c85d9f45.png",
      "current_price_usd": 0.15859880694434667,
      "price_change_24h": -2.85,
      "tx_volume_u_24h": 82031.236382,
      "holders": 25138,
      "market_cap": "7051198.911049200301113719021592768",
      "fdv": "7051198.911049200301113719021592768",
      "risk_score": "55"
    },
    {
      "token": "0x8e11e90b463bf521382e2b88539f053270a3848c",
      "chain": "bsc",
      "symbol": "TTAI",
      "name": "TTAI",
      "logo_url": "https://www.iconaves.com/token_icon_request/67caebfa80cdf25c5094e7c8_1741351930.png",
      "current_price_usd": 0.0003452780563102609,
      "price_change_24h": -8.16,
      "tx_volume_u_24h": 78640.85746914093,
      "holders": 3493,
      "market_cap": "345278.05404396715007854441942922916",
      "fdv": "345278.05404396715007854441942922916",
      "risk_score": "40"
    },
    {
      "token": "0xcdc80a63d24bb2b3c7de48ef4a69a00000000000",
      "chain": "bsc",
      "symbol": "K0",
      "name": "K0",
      "logo_url": "https://www.iconaves.com/token_icon_request/67e18339378377924aacc109_1742832441.png",
      "current_price_usd": 0.00014446032996918946,
      "price_change_24h": -12,
      "tx_volume_u_24h": 78529.37589848024,
      "holders": 6132,
      "market_cap": "1074840.212501890964075963515270890",
      "fdv": "1103732.278495728856075963515270890",
      "risk_score": "20"
    },
    {
      "token": "0x7f890a4a575558307826c82e4cb6e671f3178bfc",
      "chain": "bsc",
      "symbol": "CTD",
      "name": "CTD",
      "logo_url": "https://www.iconaves.com/token_icon_request/67ea580c521b9ee2ad82e1ba_1743411212.png",
      "current_price_usd": 0.0011024811094215857,
      "price_change_24h": 28.49,
      "tx_volume_u_24h": 77922.21952125528,
      "holders": 3108,
      "market_cap": "990701.13815158471894026755915299360",
      "fdv": "1030895.60829901873794369391968689860",
      "risk_score": "40"
    },
    {
      "token": "0xde04da55b74435d7b9f2c5c62d9f1b53929b09aa",
      "chain": "bsc",
      "symbol": "AICell",
      "name": "AICell",
      "logo_url": "https://www.iconaves.com/token_icon_request/67428a32611ea62710dc8e25_1732414002.png",
      "current_price_usd": 0.0016576130750155856,
      "price_change_24h": -3.71,
      "tx_volume_u_24h": 70969.16606978285,
      "holders": 20115,
      "market_cap": "1263100.05305607320719138725352192960",
      "fdv": "1602432.23995864830902148960635100160",
      "risk_score": "40"
    },
    {
      "token": "0xa04132e9442addee64354f47fc97e42fa3949f36",
      "chain": "bsc",
      "symbol": "JK",
      "name": "JK",
      "logo_url": "https://www.iconaves.com/token_icon_request/6819bd3a7fbc3a642c55b30a_1746517306.png",
      "current_price_usd": 2.1240681634207217,
      "price_change_24h": 5.29,
      "tx_volume_u_24h": 70484.488994,
      "holders": 9704,
      "market_cap": "421369.8277460304734101314090322",
      "fdv": "633776.6440881026434101314090322",
      "risk_score": "20"
    },
    {
      "token": "0x76a797a59ba2c17726896976b7b3747bfd1d220f",
      "chain": "bsc",
      "symbol": "TONCOIN",
      "name": "TONCOIN",
      "logo_url": "https://www.iconaves.com/token_icon/bsc/0x76a797a59ba2c17726896976b7b3747bfd1d220f_1725955981.png",
      "current_price_usd": 3.2452844161247536,
      "price_change_24h": -3.84,
      "tx_volume_u_24h": 69528.36218699042,
      "holders": 114390,
      "market_cap": "10996420.84596788396976716095598400",
      "fdv": "10996420.84596788396976716095598400",
      "risk_score": "55"
    },
    {
      "token": "0xc950e3cf17c6831ad8214527656aa64cc7777777",
      "chain": "bsc",
      "symbol": "$POP",
      "name": "$POP",
      "logo_url": "https://www.iconaves.com/token_icon_request/681db7b72ef8eca2f0e63f85_1746778040.png",
      "current_price_usd": 0.0001462589956577328,
      "price_change_24h": 20.72,
      "tx_volume_u_24h": 68127.878072,
      "holders": 2847,
      "market_cap": "1023812.96960412960000000000",
      "fdv": "1462589.9565773280000000000",
      "risk_score": "55"
    },
    {
      "token": "0xca03ed102d0da143c4f9c5ad14a73dadc369751a",
      "chain": "bsc",
      "symbol": "pump",
      "name": "pump",
      "logo_url": "https://www.iconaves.com/token_icon_request/679c7e0bc649723a1f85aea1_1738309131.png",
      "current_price_usd": 145.85851651698675,
      "price_change_24h": 7.33,
      "tx_volume_u_24h": 66044.09473,
      "holders": 44516,
      "market_cap": "568848214.41624832500000",
      "fdv": "568848214.41624832500000",
      "risk_score": "20"
    },
    {
      "token": "0x5043f271095350c5ac7db2384a0d9337e27c1055",
      "chain": "bsc",
      "symbol": "PERRY",
      "name": "Perry",
      "logo_url": "https://www.iconaves.com/token_icon_request/67ad629e65130770bdb560dc_1739416222.png",
      "current_price_usd": 0.0016646498560949723,
      "price_change_24h": -0.49,
      "tx_volume_u_24h": 64800.85267417928,
      "holders": 15622,
      "market_cap": "1385282.62104679096294111121373664300",
      "fdv": "1385282.62104679096294111121373664300",
      "risk_score": "40"
    },
    {
      "token": "0xe8a9bf6313950544501db41d498ea6d6dc90b305",
      "chain": "bsc",
      "symbol": "SSTZ",
      "name": "SSTZ",
      "logo_url": "https://www.iconaves.com/token_icon_request/68047fd06f0dd46a9a82f96b_1745125328.png",
      "current_price_usd": 0.0023331967551332693,
      "price_change_24h": 9.96,
      "tx_volume_u_24h": 64406.866936,
      "holders": 10753,
      "market_cap": "1028058.81281704559603481528231804",
      "fdv": "3636572.78505604067343481528231804",
      "risk_score": "20"
    },
    {
      "token": "0x0bf475491adb77af887ddc1641a60f221d00a02f",
      "chain": "bsc",
      "symbol": "JBAI",
      "name": "JBAI",
      "logo_url": "https://www.iconaves.com/token_icon_request/67d65bd552b8938f0a1ef14f_1742101461.png",
      "current_price_usd": 0.0000030123031953449065,
      "price_change_24h": -3.35,
      "tx_volume_u_24h": 64090.988581,
      "holders": 6158,
      "market_cap": "3005497.10111164196721689200000000000000",
      "fdv": "3005497.10111164196721689200000000000000",
      "risk_score": "40"
    },
    {
      "token": "0x4ad663403df2f0e7987bc9c74561687472e1611c",
      "chain": "bsc",
      "symbol": "FROG",
      "name": "Frodo the virtual samurai",
      "logo_url": "https://www.iconaves.com/token_icon_request/675838e25362a2b89a86aed2_1733834979.png",
      "current_price_usd": 0.0004574008431124105,
      "price_change_24h": -12.43,
      "tx_volume_u_24h": 60640.300794802686,
      "holders": 454199,
      "market_cap": "2287004.18680934849158736526778496985",
      "fdv": "2287004.18680934849158736526778496985",
      "risk_score": "55"
    },
    {
      "token": "0xd438b82543fb109f34575c825edaeefc98f1f2b4",
      "chain": "bsc",
      "symbol": "ICECREAM",
      "name": "ICECREAM",
      "logo_url": "https://www.iconaves.com/ipfs/fourmeme/0xd438b82543fb109f34575c825edaeefc98f1f2b4.png",
      "current_price_usd": 0.01545769444513528,
      "price_change_24h": 1.91,
      "tx_volume_u_24h": 58047.740683,
      "holders": 4449,
      "market_cap": "11819714.966149183986216455502938320",
      "fdv": "15423981.605260860004310856849853520",
      "risk_score": "40"
    },
    {
      "token": "0x68af0386432edcf261800e8d135e61b46c304444",
      "chain": "bsc",
      "symbol": "FREE",
      "name": "FREE",
      "logo_url": "https://www.iconaves.com/token_icon_request/680ae2ffaca7dd5e07b30813_1745543936.png",
      "current_price_usd": 0.00022175190788796022,
      "price_change_24h": -7.27,
      "tx_volume_u_24h": 56636.947891,
      "holders": 2340,
      "market_cap": "196737.441366196355336300658959609800",
      "fdv": "196737.441366196355336300658959609800",
      "risk_score": "40"
    },
    {
      "token": "0x2b5d9adea07b590b638ffc165792b2c610eda649",
      "chain": "bsc",
      "symbol": "CKP",
      "name": "Cakepie",
      "logo_url": "https://www.iconaves.com/token_icon/bsc/0x2b5d9adea07b590b638ffc165792b2c610eda649.png",
      "current_price_usd": 0.40390382477341247,
      "price_change_24h": -1.2,
      "tx_volume_u_24h": 53244.071707355615,
      "holders": 9198,
      "market_cap": "1391223.619363045044762698086187835",
      "fdv": "3987842.951489307772373518086187835",
      "risk_score": "55"
    },
    {
      "token": "0x0b7f41d1f87646dfb78a0f5f99a8cef7d03d6de9",
      "chain": "bsc",
      "symbol": "M1",
      "name": "M1",
      "logo_url": "https://www.iconaves.com/token_icon_request/67ab51e6a531e5fc50f06e90_1739280871.png",
      "current_price_usd": 0.00018649818546501913,
      "price_change_24h": -4.82,
      "tx_volume_u_24h": 47420.189316,
      "holders": 34666,
      "market_cap": "7982372.8955006498013969003271975",
      "fdv": "7982372.8955006498013969003271975",
      "risk_score": "20"
    },
    {
      "token": "0x01ca78a2b5f1a9152d8a3a625bd7df5765eee1d8",
      "chain": "bsc",
      "symbol": "ANDY",
      "name": "ANDY",
      "logo_url": "https://www.iconaves.com/token_icon_request/67b09b0b45610fe538b366bf_1739627276.png",
      "current_price_usd": 4.796488749226958e-9,
      "price_change_24h": -26.89,
      "tx_volume_u_24h": 44943.92701473768,
      "holders": 48672,
      "market_cap": "308032.0397689760415479042518224866000000",
      "fdv": "454400.8630504689868328663463414066000000",
      "risk_score": "55"
    },
    {
      "token": "0xd74b782e05aa25c50e7330af541d46e18f36661c",
      "chain": "bsc",
      "symbol": "QUACK",
      "name": "RichQUACK.com",
      "logo_url": "https://www.iconaves.com/token_icon/bsc/0xd74b782e05aa25c50e7330af541d46e18f36661c.png",
      "current_price_usd": 3.3121422694165035e-10,
      "price_change_24h": -1.97,
      "tx_volume_u_24h": 44168.588996,
      "holders": 154204,
      "market_cap": "15046814.55185568093745592661776280",
      "fdv": "15046814.55185568093745592661776280",
      "risk_score": "55"
    },
    {
      "token": "0x2db48fdd567910c42a887ddc342b2932967a2c4d",
      "chain": "bsc",
      "symbol": "MIGO",
      "name": "MIGO",
      "logo_url": "https://www.iconaves.com/token_icon_request/677bc197332ef46431a2fcdb_1736163735.png",
      "current_price_usd": 0.4771099946737347,
      "price_change_24h": -5.04,
      "tx_volume_u_24h": 41791.956511,
      "holders": 25263,
      "market_cap": "4318540.75275658570790469367592964",
      "fdv": "4318540.75275658570790469367592964",
      "risk_score": "20"
    },
    {
      "token": "0x934e2003d24d27cd28a3cc7c8b6765e522f567d9",
      "chain": "bsc",
      "symbol": "Kabosu",
      "name": "Kabosu",
      "logo_url": "https://www.iconaves.com/token_icon_request/67e69fb94a7c1adb73a34d18_1743167417.png",
      "current_price_usd": 0.0268058065808235,
      "price_change_24h": 10.37,
      "tx_volume_u_24h": 36809.283976,
      "holders": 7027,
      "market_cap": "793353.474298461675597098062305",
      "fdv": "793353.474298461675597098062305",
      "risk_score": "40"
    }
  ],
  "timestamp": 1747245199726
}