{
  "data": [
    {
      "token": "ukHH6c7mMyiWCf1b9pnWe25TSpkDDt3H5pQZgZ74J82",
      "chain": "solana",
      "symbol": "BOME",
      "name": "BOME",
      "logo_url": "https://www.iconaves.com/token_icon_solana/solana/ukHH6c7mMyiWCf1b9pnWe25TSpkDDt3H5pQZgZ74J82.png",
      "current_price_usd": 0.0026996491947812785,
      "price_change_24h": -10.78,
      "tx_volume_u_24h": 19924825.0145,
      "holders": 87678,
      "market_cap": "186092421.2804804374508173441202580",
      "fdv": "186092421.2804804374508173441202580",
      "risk_score": "20"
    },
    {
      "token": "0x4ed4e862860bed51a9570b96d89af5e1b0efefed",
      "chain": "base",
      "symbol": "DEGEN",
      "name": "DEGEN",
      "logo_url": "https://www.iconaves.com/token_icon/base/0x4ed4e862860bed51a9570b96d89af5e1b0efefed.png",
      "current_price_usd": 0.0065342242401684155,
      "price_change_24h": -14.16,
      "tx_volume_u_24h": 8012497.566792,
      "holders": 1062784,
      "market_cap": "241542262.2807558483350170177846747830252853990",
      "fdv": "241542262.2807558483350170177846747830252853990",
      "risk_score": "55"
    },
    {
      "token": "EKpQGSJtjMFqKZ9KQanSqYXRcF8fBopzLHYxdM65zcjm",
      "chain": "solana",
      "symbol": "WIF",
      "name": "WIF",
      "logo_url": "https://www.iconaves.com/token_icon_solana/solana/EKpQGSJtjMFqKZ9KQanSqYXRcF8fBopzLHYxdM65zcjm.png",
      "current_price_usd": 1.0666532266961848,
      "price_change_24h": -8.59,
      "tx_volume_u_24h": 7269278.62088,
      "holders": 225552,
      "market_cap": "1065416663.2038159692145883787408",
      "fdv": "1065416663.2038159692145883787408",
      "risk_score": "40"
    },
    {
      "token": "0x6982508145454ce325ddbe47a25d4ec3d2311933",
      "chain": "eth",
      "symbol": "PEPE",
      "name": "PEPE",
      "logo_url": "https://www.iconaves.com/token_icon/eth/0x6982508145454ce325ddbe47a25d4ec3d2311933.png",
      "current_price_usd": 0.000013765238319441089,
      "price_change_24h": -5.94,
      "tx_volume_u_24h": 6022456.009376,
      "holders": 433098,
      "market_cap": "5695681335.551532306295721643495597",
      "fdv": "5695681335.551532306295721643495597",
      "risk_score": "55"
    },
    {
      "token": "7GCihgDB8fe6KNjn2MYtkzZcRjQy3t9GHdC8uHYmW2hr",
      "chain": "solana",
      "symbol": "POPCAT",
      "name": "POPCAT",
      "logo_url": "https://www.iconaves.com/token_icon_solana/solana/7GCihgDB8fe6KNjn2MYtkzZcRjQy3t9GHdC8uHYmW2hr.png",
      "current_price_usd": 0.5245713884534228,
      "price_change_24h": -10.57,
      "tx_volume_u_24h": 5082816.505467,
      "holders": 140468,
      "market_cap": "514048489.887115708071257916282168",
      "fdv": "514048489.887115708071257916282168",
      "risk_score": "40"
    },
    {
      "token": "0x532f27101965dd16442e59d40670faf5ebb142e4",
      "chain": "base",
      "symbol": "BRETT",
      "name": "BRETT",
      "logo_url": "https://www.iconaves.com/token_icon/base/0x532f27101965dd16442e59d40670faf5ebb142e4.png",
      "current_price_usd": 0.07475285635694279,
      "price_change_24h": -9.59,
      "tx_volume_u_24h": 4875084.38744,
      "holders": 802914,
      "market_cap": "747528380.03046975070082278601695924182848039",
      "fdv": "747528380.03046975070082278601695924182848039",
      "risk_score": "40"
    },
    {
      "token": "7BgBvyjrZX1YKz4oh9mjb8ZScatkkwb8DzFx7LoiVkM3",
      "chain": "solana",
      "symbol": "SLERF",
      "name": "SLERF",
      "logo_url": "https://www.iconaves.com/token_icon_request/6718fdbd9b841f4cb9c7997d_1729691070.png",
      "current_price_usd": 0.09842033610181998,
      "price_change_24h": -10.96,
      "tx_volume_u_24h": 4456478.717949,
      "holders": 54850,
      "market_cap": "49209229.00595645314453423279754946",
      "fdv": "49209229.00595645314453423279754946",
      "risk_score": "40"
    },
    {
      "token": "0xaaee1a9723aadb7afa2810263653a34ba2c21c7a",
      "chain": "eth",
      "symbol": "Mog",
      "name": "Mog Coin",
      "logo_url": "https://www.iconaves.com/token_icon/eth/0xaaee1a9723aadb7afa2810263653a34ba2c21c7a.png",
      "current_price_usd": 0.000001023443553467479,
      "price_change_24h": -11.45,
      "tx_volume_u_24h": 3823341.553131,
      "holders": 53543,
      "market_cap": "368897864.05947792244924470294403",
      "fdv": "368897864.05947792244924470294403",
      "risk_score": "40"
    },
    {
      "token": "MEW1gQWJ3nEXg2qgERiKu7FAFj79PHvQVREQUzScPP5",
      "chain": "solana",
      "symbol": "MEW",
      "name": "MEW",
      "logo_url": "https://www.iconaves.com/token_icon_solana/solana/MEW1gQWJ3nEXg2qgERiKu7FAFj79PHvQVREQUzScPP5.png",
      "current_price_usd": 0.0036822138981034503,
      "price_change_24h": -8.81,
      "tx_volume_u_24h": 3755815.193187,
      "holders": 175196,
      "market_cap": "327297627.901010328471780400327728",
      "fdv": "327297627.901010328471780400327728",
      "risk_score": "55"
    },
    {
      "token": "5mbK36SZ7J19An8jFochhQS4of8g6BwUjbeCSxBSoWdp",
      "chain": "solana",
      "symbol": "$michi",
      "name": "$michi",
      "logo_url": "https://www.iconaves.com/token_icon_solana/solana/5mbK36SZ7J19An8jFochhQS4of8g6BwUjbeCSxBSoWdp.png",
      "current_price_usd": 0.057646709426577666,
      "price_change_24h": -16.53,
      "tx_volume_u_24h": 3176569.597387,
      "holders": 48666,
      "market_cap": "32038020.597570364551243416187396",
      "fdv": "32038020.597570364551243416187396",
      "risk_score": "40"
    },
    {
      "token": "5z3EqYQo9HiCEs3R84RCDMu2n7anpDMxRhdK8PSWmrRC",
      "chain": "solana",
      "symbol": "PONKE",
      "name": "PONKE",
      "logo_url": "https://www.iconaves.com/token_icon_solana/solana/5z3EqYQo9HiCEs3R84RCDMu2n7anpDMxRhdK8PSWmrRC.png",
      "current_price_usd": 0.19110726756731744,
      "price_change_24h": -14.79,
      "tx_volume_u_24h": 2342994.6084,
      "holders": 75977,
      "market_cap": "106167633.24093526444482814181333824",
      "fdv": "106167633.24093526444482814181333824",
      "risk_score": "40"
    },
    {
      "token": "0x4507cef57c46789ef8d1a19ea45f4216bae2b528",
      "chain": "bsc",
      "symbol": "TOKEN",
      "name": "TokenFi",
      "logo_url": "https://www.iconaves.com/token_icon/bsc/0x4507cef57c46789ef8d1a19ea45f4216bae2b528.png",
      "current_price_usd": 0.024657719050082436,
      "price_change_24h": -4.53,
      "tx_volume_u_24h": 2022977.049564,
      "holders": 51240,
      "market_cap": "120456598.6223751588312633996196299360",
      "fdv": "120456598.6223751588312633996196299360",
      "risk_score": "20"
    },
    {
      "token": "DezXAZ8z7PnrnRJjz3wXBoRgixCa6xjnB7YaB1pPB263",
      "chain": "solana",
      "symbol": "Bonk",
      "name": "Bonk",
      "logo_url": "https://www.iconaves.com/token_icon/solana/DezXAZ8z7PnrnRJjz3wXBoRgixCa6xjnB7YaB1pPB263.png",
      "current_price_usd": 0.000022608542619204822,
      "price_change_24h": -3,
      "tx_volume_u_24h": 1806595.173584,
      "holders": 923078,
      "market_cap": "2008245100.24141700168734490178672246",
      "fdv": "2008245100.24141700168734490178672246",
      "risk_score": "55"
    },
    {
      "token": "25hAyBQfoDhfWx9ay6rarbgvWGwDdNqcHsXS3jQ3mTDJ",
      "chain": "solana",
      "symbol": "MANEKI",
      "name": "MANEKI",
      "logo_url": "https://www.iconaves.com/token_icon_solana/solana/25hAyBQfoDhfWx9ay6rarbgvWGwDdNqcHsXS3jQ3mTDJ.png",
      "current_price_usd": 0.002138238980129782,
      "price_change_24h": 3.84,
      "tx_volume_u_24h": 1425703.272913,
      "holders": 70212,
      "market_cap": "18942042.21498107398343991555910",
      "fdv": "18942042.21498107398343991555910",
      "risk_score": "40"
    },
    {
      "token": "5LafQUrVco6o7KMz42eqVEJ9LW31StPyGjeeu5sKoMtA",
      "chain": "solana",
      "symbol": "MUMU",
      "name": "MUMU",
      "logo_url": "https://www.iconaves.com/token_icon_solana/solana/5LafQUrVco6o7KMz42eqVEJ9LW31StPyGjeeu5sKoMtA.png",
      "current_price_usd": 0.000006152388927726717,
      "price_change_24h": -10.08,
      "tx_volume_u_24h": 1368901.372118,
      "holders": 84828,
      "market_cap": "14333743.858928294827738088109774639",
      "fdv": "14333743.858928294827738088109774639",
      "risk_score": "40"
    },
    {
      "token": "0x761d38e5ddf6ccf6cf7c55759d5210750b5d60f3",
      "chain": "eth",
      "symbol": "ELON",
      "name": "ELON",
      "logo_url": "https://www.iconaves.com/token_icon/eth/0x761d38e5ddf6ccf6cf7c55759d5210750b5d60f3.png",
      "current_price_usd": 1.743066918468728e-7,
      "price_change_24h": 1.86,
      "tx_volume_u_24h": 1262419.885521,
      "holders": 162177,
      "market_cap": "174306691.8468728000000000000000",
      "fdv": "174306691.8468728000000000000000",
      "risk_score": "40"
    },
    {
      "token": "0x594daad7d77592a2b97b725a7ad59d7e188b5bfa",
      "chain": "eth",
      "symbol": "APU",
      "name": "Apu Apustaja",
      "logo_url": "https://www.iconaves.com/token_icon/eth/0x594daad7d77592a2b97b725a7ad59d7e188b5bfa.png",
      "current_price_usd": 0.00025055691489736683,
      "price_change_24h": -12.83,
      "tx_volume_u_24h": 1209501.70824,
      "holders": 32928,
      "market_cap": "84661241.536029770356130329283358",
      "fdv": "84661241.536029770356130329283358",
      "risk_score": "40"
    },
    {
      "token": "HhJpBhRRn4g56VsyLuT8DL5Bv31HkXqsrahTTUCZeZg4",
      "chain": "solana",
      "symbol": "$MYRO",
      "name": "$MYRO",
      "logo_url": "https://www.iconaves.com/token_icon_solana/solana/HhJpBhRRn4g56VsyLuT8DL5Bv31HkXqsrahTTUCZeZg4.png",
      "current_price_usd": 0.035981428100805964,
      "price_change_24h": -10.06,
      "tx_volume_u_24h": 1137911.662732,
      "holders": 52306,
      "market_cap": "35980133.076561594853803215574491024",
      "fdv": "35980133.076561594853803215574491024",
      "risk_score": "40"
    },
    {
      "token": "0xfb5b838b6cfeedc2873ab27866079ac55363d37e",
      "chain": "bsc",
      "symbol": "FLOKI",
      "name": "FLOKI",
      "logo_url": "https://www.iconaves.com/token_icon/bsc/0xfb5b838b6cfeedc2873ab27866079ac55363d37e_1697876808.png",
      "current_price_usd": 0.00010807883235770723,
      "price_change_24h": -8.22,
      "tx_volume_u_24h": 1107970.3584081584,
      "holders": 449024,
      "market_cap": "444614297.32237674923307306982004",
      "fdv": "444614297.32237674923307306982004",
      "risk_score": "40"
    },
    {
      "token": "0x420fca0121dc28039145009570975747295f2329",
      "chain": "avalanche",
      "symbol": "COQ",
      "name": "COQ",
      "logo_url": "https://www.iconaves.com/token_icon/avalanche/0x420fca0121dc28039145009570975747295f2329.png",
      "current_price_usd": 9.388392050848245e-7,
      "price_change_24h": -3.82,
      "tx_volume_u_24h": 772759.170227,
      "holders": 94120,
      "market_cap": "65174217.6169885167900000000000",
      "fdv": "65174217.6169885167900000000000",
      "risk_score": "40"
    },
    {
      "token": "0x9ec02756a559700d8d9e79ece56809f7bcc5dc27",
      "chain": "bsc",
      "symbol": "WHY",
      "name": "WHY",
      "logo_url": "https://www.logofacade.com/token_icon_request/665134cd028d7c846d383fb1_1716602673.png",
      "current_price_usd": 4.186074897723481e-8,
      "price_change_24h": -16.57,
      "tx_volume_u_24h": 711043.273521,
      "holders": 97343,
      "market_cap": "17579217.543398693152636945981784216750000",
      "fdv": "17579217.543398693152636945981784216750000",
      "risk_score": "40"
    },
    {
      "token": "0xcf0c122c6b73ff809c693db761e7baebe62b6a2e",
      "chain": "eth",
      "symbol": "FLOKI",
      "name": "FLOKI",
      "logo_url": "https://www.iconaves.com/token_icon/eth/0xcf0c122c6b73ff809c693db761e7baebe62b6a2e.png",
      "current_price_usd": 0.00010757824300893613,
      "price_change_24h": -8.68,
      "tx_volume_u_24h": 699963.184087,
      "holders": 96347,
      "market_cap": "596782849.60476376848300604591714",
      "fdv": "596782849.60476376848300604591714",
      "risk_score": "55"
    },
    {
      "token": "8wXtPeU6557ETkp9WHFY1n1EcU6NxDvbAggHGsMYiHsB",
      "chain": "solana",
      "symbol": "GME",
      "name": "GME",
      "logo_url": "https://www.iconaves.com/token_icon_solana/solana/8wXtPeU6557ETkp9WHFY1n1EcU6NxDvbAggHGsMYiHsB.png",
      "current_price_usd": 0.002138162023692556,
      "price_change_24h": -5.14,
      "tx_volume_u_24h": 649953.547294,
      "holders": 48318,
      "market_cap": "14712986.923579818560172409896427292",
      "fdv": "14712986.923579818560172409896427292",
      "risk_score": "40"
    },
    {
      "token": "0x4507cef57c46789ef8d1a19ea45f4216bae2b528",
      "chain": "eth",
      "symbol": "TOKEN",
      "name": "TokenFi",
      "logo_url": "https://www.iconaves.com/token_icon/eth/0x4507cef57c46789ef8d1a19ea45f4216bae2b528.png",
      "current_price_usd": 0.024500720949203667,
      "price_change_24h": -5.53,
      "tx_volume_u_24h": 622530.287216,
      "holders": 31267,
      "market_cap": "122503604.746018335000000000",
      "fdv": "122503604.746018335000000000",
      "risk_score": "20"
    },
    {
      "token": "0xac1bd2486aaf3b5c0fc3fd868558b082a531b2b4",
      "chain": "base",
      "symbol": "TOSHI",
      "name": "TOSHI",
      "logo_url": "https://www.iconaves.com/token_icon/base/0xac1bd2486aaf3b5c0fc3fd868558b082a531b2b4.png",
      "current_price_usd": 0.0007562923186464809,
      "price_change_24h": -10.07,
      "tx_volume_u_24h": 599587.887049,
      "holders": 620166,
      "market_cap": "318164615.5313880498209999992437076813535191",
      "fdv": "318164615.5313880498209999992437076813535191",
      "risk_score": "50"
    },
    {
      "token": "0xb90b2a35c65dbc466b04240097ca756ad2005295",
      "chain": "eth",
      "symbol": "BOBO",
      "name": "BOBO",
      "logo_url": "https://www.iconaves.com/token_icon/eth/0xb90b2a35c65dbc466b04240097ca756ad2005295.png",
      "current_price_usd": 5.638527625576831e-7,
      "price_change_24h": -8.19,
      "tx_volume_u_24h": 571665.826844,
      "holders": 26216,
      "market_cap": "37487437.5933634080179240689784774",
      "fdv": "37487437.5933634080179240689784774",
      "risk_score": "20"
    },
    {
      "token": "0x5026f006b85729a8b14553fae6af249ad16c9aab",
      "chain": "eth",
      "symbol": "WOJAK",
      "name": "WOJAK",
      "logo_url": "https://www.iconaves.com/token_icon/eth/0x5026f006b85729a8b14553fae6af249ad16c9aab.png",
      "current_price_usd": 0.0005798295231713797,
      "price_change_24h": -9.46,
      "tx_volume_u_24h": 521319.112449,
      "holders": 22500,
      "market_cap": "40251765.4985571787740000000",
      "fdv": "40251765.4985571787740000000",
      "risk_score": "40"
    },
    {
      "token": "0xbc45647ea894030a4e9801ec03479739fa2485f0",
      "chain": "base",
      "symbol": "BENJI",
      "name": "BENJI",
      "logo_url": "https://www.iconaves.com/token_icon/base/0xbc45647ea894030a4e9801ec03479739fa2485f0.png",
      "current_price_usd": 0.024224543711362106,
      "price_change_24h": -10.31,
      "tx_volume_u_24h": 473749.650527,
      "holders": 107695,
      "market_cap": "24224543.711362106000000000",
      "fdv": "24224543.711362106000000000",
      "risk_score": "55"
    },
    {
      "token": "0x95ad61b0a150d79219dcf64e1e6cc01f0b64c4ce",
      "chain": "eth",
      "symbol": "SHIB",
      "name": "SHIB",
      "logo_url": "https://www.iconaves.com/token_icon/eth/0x95ad61b0a150d79219dcf64e1e6cc01f0b64c4ce.png",
      "current_price_usd": 0.000015576906027217204,
      "price_change_24h": -3.23,
      "tx_volume_u_24h": 456147.87201187154,
      "holders": 1507215,
      "market_cap": "9183390892.8184801093400533277284",
      "fdv": "9183390892.8184801093400533277284",
      "risk_score": "40"
    },
    {
      "token": "Fch1oixTPri8zxBnmdCEADoJW2toyFHxqDZacQkwdvSP",
      "chain": "solana",
      "symbol": "HARAMBE",
      "name": "HARAMBE",
      "logo_url": "https://www.iconaves.com/token_icon_solana/solana/Fch1oixTPri8zxBnmdCEADoJW2toyFHxqDZacQkwdvSP.png",
      "current_price_usd": 0.008026051423934722,
      "price_change_24h": -26.21,
      "tx_volume_u_24h": 454388.179703,
      "holders": 19270,
      "market_cap": "7994807.220107964516695578559476148",
      "fdv": "7994807.220107964516695578559476148",
      "risk_score": "40"
    },
    {
      "token": "0x1ae7e1d0ce06364ced9ad58225a1705b3e5db92b",
      "chain": "eth",
      "symbol": "LMEOW",
      "name": "LMEOW",
      "logo_url": "https://www.iconaves.com/token_icon/eth/0x1ae7e1d0ce06364ced9ad58225a1705b3e5db92b.png",
      "current_price_usd": 0.013904986304524043,
      "price_change_24h": -9.88,
      "tx_volume_u_24h": 432482.01273,
      "holders": 5654,
      "market_cap": "13904986.304524043000000000",
      "fdv": "13904986.304524043000000000",
      "risk_score": "55"
    },
    {
      "token": "0x68bbed6a47194eff1cf514b50ea91895597fc91e",
      "chain": "eth",
      "symbol": "ANDY",
      "name": "ANDY",
      "logo_url": "https://www.iconaves.com/token_icon/eth/0x68bbed6a47194eff1cf514b50ea91895597fc91e.png",
      "current_price_usd": 0.00008588981472035587,
      "price_change_24h": -6.1,
      "tx_volume_u_24h": 423841.3350390194,
      "holders": 26036,
      "market_cap": "85889814.72035587000000000000",
      "fdv": "85889814.72035587000000000000",
      "risk_score": "55"
    },
    {
      "token": "0x72e4f9f808c49a2a61de9c5896298920dc4eeea9",
      "chain": "eth",
      "symbol": "BITCOIN",
      "name": "BITCOIN",
      "logo_url": "https://www.iconaves.com/token_icon/eth/0x72e4f9f808c49a2a61de9c5896298920dc4eeea9.png",
      "current_price_usd": 0.08430133669638372,
      "price_change_24h": -2.93,
      "tx_volume_u_24h": 380368.5494193615,
      "holders": 24976,
      "market_cap": "84301336.69638372000000000",
      "fdv": "84301336.69638372000000000",
      "risk_score": "55"
    },
    {
      "token": "WENWENvqqNya429ubCdR81ZmD69brwQaaBYY6p3LCpk",
      "chain": "solana",
      "symbol": "WEN",
      "name": "WEN",
      "logo_url": "https://www.iconaves.com/token_icon_solana/solana/WENWENvqqNya429ubCdR81ZmD69brwQaaBYY6p3LCpk.png",
      "current_price_usd": 0.00006460367192514299,
      "price_change_24h": -9.07,
      "tx_volume_u_24h": 314566.651287,
      "holders": 229568,
      "market_cap": "47007631.8238689393308685582376599",
      "fdv": "47007631.8238689393308685582376599",
      "risk_score": "55"
    },
    {
      "token": "0xb131f4a55907b10d1f0a50d8ab8fa09ec342cd74",
      "chain": "eth",
      "symbol": "MEME",
      "name": "MEME",
      "logo_url": "https://www.iconaves.com/token_icon/eth/0xb131f4a55907b10d1f0a50d8ab8fa09ec342cd74.png",
      "current_price_usd": 0.0027630355990298505,
      "price_change_24h": -11.11,
      "tx_volume_u_24h": 296341.736586,
      "holders": 770073,
      "market_cap": "190649456.3330596845000000000",
      "fdv": "190649456.3330596845000000000",
      "risk_score": "20"
    },
    {
      "token": "0x8390a1da07e376ef7add4be859ba74fb83aa02d5",
      "chain": "eth",
      "symbol": "GROK",
      "name": "GROK",
      "logo_url": "https://www.iconaves.com/token_icon/eth/0x8390a1da07e376ef7add4be859ba74fb83aa02d5.png",
      "current_price_usd": 0.003571780013137072,
      "price_change_24h": -6.07,
      "tx_volume_u_24h": 262108.275603,
      "holders": 21377,
      "market_cap": "23559759.59163894747107450336610208",
      "fdv": "23559759.59163894747107450336610208",
      "risk_score": "55"
    },
    {
      "token": "0xba2ae424d960c26247dd6c32edc70b295c744c43",
      "chain": "bsc",
      "symbol": "DOGE",
      "name": "Binance-Peg Dogecoin",
      "logo_url": "https://www.iconaves.com/token_icon/bsc/0xba2ae424d960c26247dd6c32edc70b295c744c43.png",
      "current_price_usd": 0.23044324841582928,
      "price_change_24h": -3.27,
      "tx_volume_u_24h": 262015.457104,
      "holders": 942303,
      "market_cap": "485594662.426003427613821440970923200",
      "fdv": "485594662.426003427613821440970923200",
      "risk_score": "20"
    },
    {
      "token": "0x12970e6868f88f6557b76120662c1b3e50a646bf",
      "chain": "eth",
      "symbol": "LADYS",
      "name": "LADYS",
      "logo_url": "https://www.iconaves.com/token_icon/eth/0x12970e6868f88f6557b76120662c1b3e50a646bf.png",
      "current_price_usd": 5.817390021190098e-8,
      "price_change_24h": -8.64,
      "tx_volume_u_24h": 205071.12349867733,
      "holders": 25780,
      "market_cap": "51658475.04664311683145840807024",
      "fdv": "51658475.04664311683145840807024",
      "risk_score": "55"
    },
    {
      "token": "0xa9e8acf069c58aec8825542845fd754e41a9489a",
      "chain": "eth",
      "symbol": "pepecoin",
      "name": "pepecoin",
      "logo_url": "https://www.iconaves.com/token_icon/eth/0xa9e8acf069c58aec8825542845fd754e41a9489a.png",
      "current_price_usd": 0.5456530351010459,
      "price_change_24h": -4.04,
      "tx_volume_u_24h": 201563.202802,
      "holders": 19006,
      "market_cap": "57845074.48408393545739688633601723",
      "fdv": "58834674.6938788460403921968343656",
      "risk_score": "40"
    },
    {
      "token": "0xac57de9c1a09fec648e93eb98875b212db0d460b",
      "chain": "eth",
      "symbol": "BabyDoge",
      "name": "BabyDoge",
      "logo_url": "https://www.iconaves.com/token_icon/eth/0xac57de9c1a09fec648e93eb98875b212db0d460b.png",
      "current_price_usd": 1.8657050559114734e-9,
      "price_change_24h": -7.43,
      "tx_volume_u_24h": 183620.196926,
      "holders": 27842,
      "market_cap": "173436851.8198660230510913952418600",
      "fdv": "173436851.8198660230510913952418600",
      "risk_score": "40"
    },
    {
      "token": "HLptm5e6rTgh4EKgDpYFrnRHbjpkMyVdEeREEa2G7rf9",
      "chain": "solana",
      "symbol": "DUKO",
      "name": "DUKO",
      "logo_url": "https://www.iconaves.com/token_icon_solana/solana/HLptm5e6rTgh4EKgDpYFrnRHbjpkMyVdEeREEa2G7rf9_20240710100924.png",
      "current_price_usd": 0.00032733450664770234,
      "price_change_24h": -5.02,
      "tx_volume_u_24h": 159000.459099,
      "holders": 31160,
      "market_cap": "3273021.91088582617032368757072090",
      "fdv": "3273021.91088582617032368757072090",
      "risk_score": "40"
    },
    {
      "token": "0xa35923162c49cf95e6bf26623385eb431ad920d3",
      "chain": "eth",
      "symbol": "TURBO",
      "name": "TURBO",
      "logo_url": "https://www.iconaves.com/token_icon/eth/0xa35923162c49cf95e6bf26623385eb431ad920d3.png",
      "current_price_usd": 0.005505182932043417,
      "price_change_24h": -6.66,
      "tx_volume_u_24h": 153885.04079324275,
      "holders": 54825,
      "market_cap": "379857622.310995773000000000",
      "fdv": "379857622.310995773000000000",
      "risk_score": "40"
    },
    {
      "token": "0x0d97f261b1e88845184f678e2d1e7a98d9fd38de",
      "chain": "base",
      "symbol": "TYBG",
      "name": "TYBG",
      "logo_url": "https://www.iconaves.com/token_icon/base/0x0d97f261b1e88845184f678e2d1e7a98d9fd38de.png",
      "current_price_usd": 0.00010801909064926823,
      "price_change_24h": -16.29,
      "tx_volume_u_24h": 147443.872029,
      "holders": 105782,
      "market_cap": "13278970.834920994793165854222401882",
      "fdv": "13278970.834920994793165854222401882",
      "risk_score": "55"
    },
    {
      "token": "A3eME5CetyZPBoWbRUwY3tSe25S6tb18ba9ZPbWk9eFJ",
      "chain": "solana",
      "symbol": "PENG",
      "name": "PENG",
      "logo_url": "https://www.iconaves.com/token_icon_solana/solana/A3eME5CetyZPBoWbRUwY3tSe25S6tb18ba9ZPbWk9eFJ.png",
      "current_price_usd": 0.02801703704681648,
      "price_change_24h": -3.67,
      "tx_volume_u_24h": 143409.26083,
      "holders": 25303,
      "market_cap": "2800991.12013761128102973057840",
      "fdv": "2800991.12013761128102973057840",
      "risk_score": "40"
    },
    {
      "token": "0x1151cb3d861920e07a38e03eead12c32178567f6",
      "chain": "eth",
      "symbol": "Bonk",
      "name": "Bonk",
      "logo_url": "https://www.iconaves.com/token_icon/eth/0x1151cb3d861920e07a38e03eead12c32178567f6.png",
      "current_price_usd": 0.00002242295195985931,
      "price_change_24h": -2.49,
      "tx_volume_u_24h": 139886.0174821405,
      "holders": 14688,
      "market_cap": "7498875.513143415122980002388693",
      "fdv": "7498875.513143415122980002388693",
      "risk_score": "40"
    },
    {
      "token": "0x44971abf0251958492fee97da3e5c5ada88b9185",
      "chain": "eth",
      "symbol": "basedAI",
      "name": "basedAI",
      "logo_url": "https://www.iconaves.com/token_icon/eth/0x44971abf0251958492fee97da3e5c5ada88b9185.png",
      "current_price_usd": 0.5893788143646942,
      "price_change_24h": -7.33,
      "tx_volume_u_24h": 137136.141924,
      "holders": 20445,
      "market_cap": "21022800.4686763105913640",
      "fdv": "21022800.4686763105913640",
      "risk_score": "40"
    },
    {
      "token": "AHW5N8iqZobTcBepkSJzZ61XtAuSzBDcpxtrLG6KUKPk",
      "chain": "solana",
      "symbol": "BENDOG",
      "name": "BENDOG",
      "logo_url": "https://www.iconaves.com/token_icon_solana/solana/AHW5N8iqZobTcBepkSJzZ61XtAuSzBDcpxtrLG6KUKPk.png",
      "current_price_usd": 0.0038486850193597483,
      "price_change_24h": 32.01,
      "tx_volume_u_24h": 136785.066487,
      "holders": 11771,
      "market_cap": "3848564.9006512974133868538027639554",
      "fdv": "3848564.9006512974133868538027639554",
      "risk_score": "40"
    },
    {
      "token": "0x9813037ee2218799597d83d4a5b6f3b6778218d9",
      "chain": "eth",
      "symbol": "BONE",
      "name": "BONE",
      "logo_url": "https://www.iconaves.com/token_icon/eth/0x9813037ee2218799597d83d4a5b6f3b6778218d9_1675680807.png",
      "current_price_usd": 0.3434734954128085,
      "price_change_24h": -3.24,
      "tx_volume_u_24h": 132677.69675007137,
      "holders": 95073,
      "market_cap": "85868168.395891499650031756464605",
      "fdv": "85868168.395891499650031756464605",
      "risk_score": "20"
    },
    {
      "token": "0x58cb30368ceb2d194740b144eab4c2da8a917dcb",
      "chain": "eth",
      "symbol": "ZYN",
      "name": "ZYN",
      "logo_url": "https://www.iconaves.com/token_icon/eth/0x58cb30368ceb2d194740b144eab4c2da8a917dcb.png",
      "current_price_usd": 0.013218908241578732,
      "price_change_24h": 9.53,
      "tx_volume_u_24h": 129206.87412928026,
      "holders": 5784,
      "market_cap": "11947519.6202056622725094713727388",
      "fdv": "11947519.6202056622725094713727388",
      "risk_score": "40"
    },
    {
      "token": "3psH1Mj1f7yUfaD5gh6Zj7epE8hhrMkMETgv5TshQA4o",
      "chain": "solana",
      "symbol": "boden",
      "name": "boden",
      "logo_url": "https://www.iconaves.com/token_icon_solana/solana/3psH1Mj1f7yUfaD5gh6Zj7epE8hhrMkMETgv5TshQA4o.png",
      "current_price_usd": 0.0024136628085454047,
      "price_change_24h": -13.56,
      "tx_volume_u_24h": 117615.682208,
      "holders": 25988,
      "market_cap": "1665694.0955354168074781821118419677",
      "fdv": "1665694.0955354168074781821118419677",
      "risk_score": "40"
    },
    {
      "token": "0xd29da236dd4aac627346e1bba06a619e8c22d7c5",
      "chain": "eth",
      "symbol": "MAGA",
      "name": "MAGA",
      "logo_url": "https://www.iconaves.com/token_icon_request/66489edc0c34757682837426_1716035292.png",
      "current_price_usd": 0.000014460848204698372,
      "price_change_24h": -3.36,
      "tx_volume_u_24h": 79018.40616011282,
      "holders": 23664,
      "market_cap": "5977249.06027950276065561176167844",
      "fdv": "5977249.06027950276065561176167844",
      "risk_score": "55"
    },
    {
      "token": "0xacfb898cff266e53278cc0124fc2c7c94c8cb9a5",
      "chain": "avalanche",
      "symbol": "NOCHILL",
      "name": "NOCHILL",
      "logo_url": "https://www.iconaves.com/token_icon/avalanche/0xacfb898cff266e53278cc0124fc2c7c94c8cb9a5.png",
      "current_price_usd": 0.0029709712902391953,
      "price_change_24h": 19.96,
      "tx_volume_u_24h": 74643.804748,
      "holders": 20459,
      "market_cap": "4605005.4998707527150000000",
      "fdv": "4605005.4998707527150000000",
      "risk_score": "40"
    },
    {
      "token": "0xb69753c06bb5c366be51e73bfc0cc2e3dc07e371",
      "chain": "eth",
      "symbol": "POOH",
      "name": "POOH",
      "logo_url": "https://www.iconaves.com/token_icon/eth/0xb69753c06bb5c366be51e73bfc0cc2e3dc07e371.png",
      "current_price_usd": 9.747565019209466e-9,
      "price_change_24h": 3.73,
      "tx_volume_u_24h": 73299.010029,
      "holders": 20746,
      "market_cap": "4100703.127931230251540000000000",
      "fdv": "4100703.127931230251540000000000",
      "risk_score": "40"
    },
    {
      "token": "H7ed7UgcLp3ax4X1CQ5WuWDn6d1pprfMMYiv5ejwLWWU",
      "chain": "solana",
      "symbol": "CHONKY",
      "name": "CHONKY",
      "logo_url": "https://www.iconaves.com/token_icon_solana/solana/H7ed7UgcLp3ax4X1CQ5WuWDn6d1pprfMMYiv5ejwLWWU.png",
      "current_price_usd": 0.000003658908916609817,
      "price_change_24h": -7.42,
      "tx_volume_u_24h": 69407.31527443849,
      "holders": 22906,
      "market_cap": "1827529.290660398562435539757018577",
      "fdv": "1827529.290660398562435539757018577",
      "risk_score": "40"
    },
    {
      "token": "7xKXtg2CW87d97TXJSDpbD5jBkheTqA83TZRuJosgAsU",
      "chain": "solana",
      "symbol": "SAMO",
      "name": "Samoyedcoin",
      "logo_url": "https://www.iconaves.com/token_icon/solana/7xKXtg2CW87d97TXJSDpbD5jBkheTqA83TZRuJosgAsU.png",
      "current_price_usd": 0.003958399045370993,
      "price_change_24h": -11.44,
      "tx_volume_u_24h": 62767.219809790644,
      "holders": 91281,
      "market_cap": "22707296.601521686727732017023958319",
      "fdv": "22707296.601521686727732017023958319",
      "risk_score": "55"
    },
    {
      "token": "0xb9f599ce614feb2e1bbe58f180f370d05b39344e",
      "chain": "eth",
      "symbol": "PORK",
      "name": "PORK",
      "logo_url": "https://www.iconaves.com/token_icon/eth/0xb9f599ce614feb2e1bbe58f180f370d05b39344e.png",
      "current_price_usd": 3.078601592912799e-8,
      "price_change_24h": -6.48,
      "tx_volume_u_24h": 62249.180729,
      "holders": 30718,
      "market_cap": "11958114.21561224412810256674648195",
      "fdv": "11958114.21561224412810256674648195",
      "risk_score": "40"
    },
    {
      "token": "2XPqoKfJitk8YcMDGBKy7CMzRRyF2X9PniZeCykDUZev",
      "chain": "solana",
      "symbol": "HUND",
      "name": "HUND",
      "logo_url": "https://www.iconaves.com/token_icon/solana/2XPqoKfJitk8YcMDGBKy7CMzRRyF2X9PniZeCykDUZev.png",
      "current_price_usd": 0.004049775426223024,
      "price_change_24h": -1.73,
      "tx_volume_u_24h": 60225.134298,
      "holders": 5481,
      "market_cap": "1619887.291463075427808775366190416",
      "fdv": "1619887.291463075427808775366190416",
      "risk_score": "40"
    },
    {
      "token": "0xaa6cccdce193698d33deb9ffd4be74eaa74c4898",
      "chain": "base",
      "symbol": "ElonRWA",
      "name": "ElonRWA",
      "logo_url": "https://www.iconaves.com/token_icon/base/0xaa6cccdce193698d33deb9ffd4be74eaa74c4898.png",
      "current_price_usd": 0.0000688261623591017,
      "price_change_24h": -8.24,
      "tx_volume_u_24h": 58138.106591,
      "holders": 51519,
      "market_cap": "4796974.95223428705468208320",
      "fdv": "4796974.95223428705468208320",
      "risk_score": "40"
    },
    {
      "token": "0x1ce270557c1f68cfb577b856766310bf8b47fd9c",
      "chain": "eth",
      "symbol": "$MONG",
      "name": "$MONG",
      "logo_url": "https://www.iconaves.com/token_icon/eth/0x1ce270557c1f68cfb577b856766310bf8b47fd9c.png",
      "current_price_usd": 4.243991817873585e-9,
      "price_change_24h": -6.24,
      "tx_volume_u_24h": 52052.510189935085,
      "holders": 18853,
      "market_cap": "2928354.354332773650000000000000",
      "fdv": "2928354.354332773650000000000000",
      "risk_score": "40"
    },
    {
      "token": "0xff836a5821e69066c87e268bc51b849fab94240c",
      "chain": "eth",
      "symbol": "шайлушай",
      "name": "шайлушай",
      "logo_url": "https://www.iconaves.com/token_icon/eth/0xff836a5821e69066c87e268bc51b849fab94240c.png",
      "current_price_usd": 0.00004027332347400564,
      "price_change_24h": 1.56,
      "tx_volume_u_24h": 49975.984287478044,
      "holders": 12684,
      "market_cap": "4027332.34740056400000000000",
      "fdv": "4027332.34740056400000000000",
      "risk_score": "55"
    },
    {
      "token": "0xd74b782e05aa25c50e7330af541d46e18f36661c",
      "chain": "bsc",
      "symbol": "QUACK",
      "name": "RichQUACK.com",
      "logo_url": "https://www.iconaves.com/token_icon/bsc/0xd74b782e05aa25c50e7330af541d46e18f36661c.png",
      "current_price_usd": 3.314440766386154e-10,
      "price_change_24h": -1.29,
      "tx_volume_u_24h": 44176.796102,
      "holders": 154204,
      "market_cap": "15057256.4516405069500184704295632",
      "fdv": "15057256.4516405069500184704295632",
      "risk_score": "55"
    },
    {
      "token": "0x576e2bed8f7b46d34016198911cdf9886f78bea7",
      "chain": "eth",
      "symbol": "TRUMP",
      "name": "TRUMP",
      "logo_url": "https://www.iconaves.com/token_icon/eth/0x576e2bed8f7b46d34016198911cdf9886f78bea7.png",
      "current_price_usd": 0.21890649347542085,
      "price_change_24h": -2.65,
      "tx_volume_u_24h": 33114.63761931495,
      "holders": 51094,
      "market_cap": "9855071.85635633679416819336422595",
      "fdv": "9855071.85635633679416819336422595",
      "risk_score": "40"
    },
    {
      "token": "FU1q8vJpZNUrmqsciSjp8bAKKidGsLmouB8CBdf8TKQv",
      "chain": "solana",
      "symbol": "tremp",
      "name": "tremp",
      "logo_url": "https://www.iconaves.com/token_icon_solana/solana/FU1q8vJpZNUrmqsciSjp8bAKKidGsLmouB8CBdf8TKQv.png",
      "current_price_usd": 0.03067854723726127,
      "price_change_24h": -4.82,
      "tx_volume_u_24h": 30687.930313490993,
      "holders": 26210,
      "market_cap": "3066579.02263621645018448702022792",
      "fdv": "3066579.02263621645018448702022792",
      "risk_score": "20"
    },
    {
      "token": "2Dyzu65QA9zdX1UeE7Gx71k7fiwyUK6sZdrvJ7auq5wm",
      "chain": "solana",
      "symbol": "TURBO",
      "name": "TURBO",
      "logo_url": "",
      "current_price_usd": 0.0055337506241135955,
      "price_change_24h": -6.27,
      "tx_volume_u_24h": 29399.703243462845,
      "holders": 6933,
      "market_cap": "795945.425781685360202061160077690",
      "fdv": "795945.425781685360202061160077690",
      "risk_score": "50"
    },
    {
      "token": "0xc5fb36dd2fb59d3b98deff88425a3f425ee469ed",
      "chain": "eth",
      "symbol": "TSUKA",
      "name": "TSUKA",
      "logo_url": "https://www.iconaves.com/token_icon/eth/0xc5fb36dd2fb59d3b98deff88425a3f425ee469ed.png",
      "current_price_usd": 0.0034231433766534164,
      "price_change_24h": -1.79,
      "tx_volume_u_24h": 26676.98163796885,
      "holders": 14278,
      "market_cap": "3423143.3766534164000000000",
      "fdv": "3423143.3766534164000000000",
      "risk_score": "55"
    },
    {
      "token": "0xbaac2b4491727d78d2b78815144570b9f2fe8899",
      "chain": "eth",
      "symbol": "DOG",
      "name": "DOG",
      "logo_url": "https://www.iconaves.com/token_icon/eth/0xbaac2b4491727d78d2b78815144570b9f2fe8899.png",
      "current_price_usd": 0.0012401545194853593,
      "price_change_24h": -1.29,
      "tx_volume_u_24h": 26322.858446,
      "holders": 13274,
      "market_cap": "21045046.3904023531530859617",
      "fdv": "21045046.3904023531530859617",
      "risk_score": "70"
    },
    {
      "token": "D8r8XTuCrUhLheWeGXSwC3G92RhASficV3YA7B2XWcLv",
      "chain": "solana",
      "symbol": "BAG",
      "name": "BAG",
      "logo_url": "https://www.iconaves.com/token_icon_solana/solana/D8r8XTuCrUhLheWeGXSwC3G92RhASficV3YA7B2XWcLv.png",
      "current_price_usd": 0.00044896648130822057,
      "price_change_24h": -1.79,
      "tx_volume_u_24h": 24158.747852,
      "holders": 9419,
      "market_cap": "448246.27717798911623987966928306962",
      "fdv": "448246.27717798911623987966928306962",
      "risk_score": "40"
    },
    {
      "token": "9Ttyez3xiruyj6cqaR495hbBkJU6SUWdV6AmQ9MvbyyS",
      "chain": "solana",
      "symbol": "smole",
      "name": "smolecoin",
      "logo_url": "https://www.iconaves.com/token_icon/solana/9Ttyez3xiruyj6cqaR495hbBkJU6SUWdV6AmQ9MvbyyS.png",
      "current_price_usd": 0.000038535135753752846,
      "price_change_24h": -1.64,
      "tx_volume_u_24h": 21512.287798,
      "holders": 17374,
      "market_cap": "16183123.862413868199130566441263578",
      "fdv": "16183123.862413868199130566441263578",
      "risk_score": "40"
    },
    {
      "token": "0x59f4f336bf3d0c49dbfba4a74ebd2a6ace40539a",
      "chain": "bsc",
      "symbol": "CAT",
      "name": "CAT",
      "logo_url": "https://www.iconaves.com/token_icon_request/658fb03f51b5c05910ec2581_1703915583.png",
      "current_price_usd": 1.0415820990786417e-10,
      "price_change_24h": -4.47,
      "tx_volume_u_24h": 20896.820322,
      "holders": 97745,
      "market_cap": "1916478.068903793230083534617753240000000000",
      "fdv": "1978972.994848511732083534617753240000000000",
      "risk_score": "55"
    },
    {
      "token": "CQSzJzwW5H1oyWrp6QhfUKYYwyovbSiVDKnAxNfb1tJC",
      "chain": "solana",
      "symbol": "STAN",
      "name": "STAN",
      "logo_url": "https://www.iconaves.com/token_icon_solana/solana/CQSzJzwW5H1oyWrp6QhfUKYYwyovbSiVDKnAxNfb1tJC.png",
      "current_price_usd": 0.001378970388892843,
      "price_change_24h": -5.49,
      "tx_volume_u_24h": 19303.208599,
      "holders": 5484,
      "market_cap": "1378925.0581354911999946738884",
      "fdv": "1378925.0581354911999946738884",
      "risk_score": "40"
    },
    {
      "token": "3ag1Mj9AKz9FAkCQ6gAEhpLSX8B2pUbPdkb9iBsDLZNB",
      "chain": "solana",
      "symbol": "HONK",
      "name": "HONK",
      "logo_url": "https://www.iconaves.com/token_icon/solana/3ag1Mj9AKz9FAkCQ6gAEhpLSX8B2pUbPdkb9iBsDLZNB.png",
      "current_price_usd": 0.0016569030680407375,
      "price_change_24h": 0.18,
      "tx_volume_u_24h": 18895.754766,
      "holders": 10101,
      "market_cap": "1656795.3102217225806614411356135750",
      "fdv": "1656795.3102217225806614411356135750",
      "risk_score": "40"
    },
    {
      "token": "0xa2b4c0af19cc16a6cfacce81f192b024d625817d",
      "chain": "eth",
      "symbol": "KISHU",
      "name": "KISHU",
      "logo_url": "https://www.iconaves.com/token_icon/eth/0xa2b4c0af19cc16a6cfacce81f192b024d625817d.png",
      "current_price_usd": 1.1115493436412601e-10,
      "price_change_24h": -0.35,
      "tx_volume_u_24h": 18497.221185,
      "holders": 246082,
      "market_cap": "10737710.966295500907159388776032235",
      "fdv": "10737710.966295500907159388776032235",
      "risk_score": "50"
    },
    {
      "token": "0xc2fe011c3885277c7f0e7ffd45ff90cadc8ecd12",
      "chain": "base",
      "symbol": "PONCHO",
      "name": "PONCHO",
      "logo_url": "https://www.iconaves.com/token_icon/base/0xc2fe011c3885277c7f0e7ffd45ff90cadc8ecd12.png",
      "current_price_usd": 0.06224748522841798,
      "price_change_24h": -25.87,
      "tx_volume_u_24h": 18204.17528,
      "holders": 91835,
      "market_cap": "622474.85228417980000000",
      "fdv": "622474.85228417980000000",
      "risk_score": "40"
    },
    {
      "token": "4vqYQTjmKjxrWGtbL2tVkbAU1EVAz9JwcYtd2VE3PbVU",
      "chain": "solana",
      "symbol": "WYNN",
      "name": "WYNN",
      "logo_url": "https://www.iconaves.com/token_icon_solana/solana/4vqYQTjmKjxrWGtbL2tVkbAU1EVAz9JwcYtd2VE3PbVU.png",
      "current_price_usd": 0.00041648029332866994,
      "price_change_24h": -3.11,
      "tx_volume_u_24h": 17470.633371,
      "holders": 13246,
      "market_cap": "413442.99785365233918161735972976",
      "fdv": "413442.99785365233918161735972976",
      "risk_score": "40"
    },
    {
      "token": "0xfea9dcdc9e23a9068bf557ad5b186675c61d33ea",
      "chain": "base",
      "symbol": "BSHIB",
      "name": "BSHIB",
      "logo_url": "https://www.iconaves.com/token_icon/base/0xfea9dcdc9e23a9068bf557ad5b186675c61d33ea.png",
      "current_price_usd": 0.0000307444780679925,
      "price_change_24h": 34.87,
      "tx_volume_u_24h": 12658.629371,
      "holders": 94033,
      "market_cap": "307444.7806799250000000000",
      "fdv": "307444.7806799250000000000",
      "risk_score": "40"
    },
    {
      "token": "HaP8r3ksG76PhQLTqR8FYBeNiQpejcFbQmiHbg787Ut1",
      "chain": "solana",
      "symbol": "TRUMP",
      "name": "TRUMP",
      "logo_url": "https://www.iconaves.com/token_icon_request/65b857a7782f632972308ddd_1706579880.png",
      "current_price_usd": 0.22473167016867812,
      "price_change_24h": 3.26,
      "tx_volume_u_24h": 12329.665374345586,
      "holders": 24211,
      "market_cap": "578862.3174364289270801839892304",
      "fdv": "578862.3174364289270801839892304",
      "risk_score": "80"
    },
    {
      "token": "0xeaa63125dd63f10874f99cdbbb18410e7fc79dd3",
      "chain": "eth",
      "symbol": "HEMULE",
      "name": "HEMULE",
      "logo_url": "https://www.iconaves.com/token_icon/eth/0xeaa63125dd63f10874f99cdbbb18410e7fc79dd3.png",
      "current_price_usd": 0.0017615925317348183,
      "price_change_24h": -7.14,
      "tx_volume_u_24h": 11947.744031133092,
      "holders": 7838,
      "market_cap": "1726358.1935749127296747520765408882",
      "fdv": "1726358.1935749127296747520765408882",
      "risk_score": "55"
    },
    {
      "token": "0x184ff13b3ebcb25be44e860163a5d8391dd568c1",
      "chain": "avalanche",
      "symbol": "KIMBO",
      "name": "KIMBO",
      "logo_url": "https://www.iconaves.com/token_icon/avalanche/0x184ff13b3ebcb25be44e860163a5d8391dd568c1.png",
      "current_price_usd": 0.000028397454656346276,
      "price_change_24h": -5.56,
      "tx_volume_u_24h": 10912.155109,
      "holders": 18547,
      "market_cap": "1971351.302243558479920000000",
      "fdv": "1971351.302243558479920000000",
      "risk_score": "40"
    },
    {
      "token": "0xdfdb7f72c1f195c5951a234e8db9806eb0635346",
      "chain": "eth",
      "symbol": "NFD",
      "name": "NFD",
      "logo_url": "https://www.iconaves.com/token_icon/eth/0xdfdb7f72c1f195c5951a234e8db9806eb0635346.png",
      "current_price_usd": 0.0000646312490007824,
      "price_change_24h": 0.06,
      "tx_volume_u_24h": 10224.6866253964,
      "holders": 4245,
      "market_cap": "5817696.1157087644951230026000032",
      "fdv": "6464008.605752719431514407986640",
      "risk_score": "70"
    },
    {
      "token": "0xda761a290e01c69325d12d82ac402e5a73d62e81",
      "chain": "base",
      "symbol": "BPS",
      "name": "BPS",
      "logo_url": "https://www.iconaves.com/token_icon/base/0xda761a290e01c69325d12d82ac402e5a73d62e81.png",
      "current_price_usd": 0.0006526172187119472,
      "price_change_24h": -17.79,
      "tx_volume_u_24h": 9597.473651815568,
      "holders": 58726,
      "market_cap": "652599.2603840858114022759743098892804961216",
      "fdv": "652599.2603840858114022759743098892804961216",
      "risk_score": "40"
    },
    {
      "token": "0x2f573070e6090b3264fe707e2c9f201716f123c7",
      "chain": "eth",
      "symbol": "MUMU",
      "name": "MUMU",
      "logo_url": "https://www.iconaves.com/token_icon/eth/0x2f573070e6090b3264fe707e2c9f201716f123c7.png",
      "current_price_usd": 2.6391948138250453e-9,
      "price_change_24h": -10.08,
      "tx_volume_u_24h": 8328.891682,
      "holders": 5873,
      "market_cap": "1819151.302707718652116252276526168",
      "fdv": "1819151.302707718652116252276526168",
      "risk_score": "40"
    },
    {
      "token": "667w6y7eH5tQucYQXfJ2KmiuGBE8HfYnqqbjLNSw7yww",
      "chain": "solana",
      "symbol": "ANDY",
      "name": "ANDY",
      "logo_url": "https://www.iconaves.com/token_icon_solana/solana/667w6y7eH5tQucYQXfJ2KmiuGBE8HfYnqqbjLNSw7yww.png",
      "current_price_usd": 0.00040152468460025306,
      "price_change_24h": -2.62,
      "tx_volume_u_24h": 8295.859879,
      "holders": 10287,
      "market_cap": "379902.00128992272249637528134848",
      "fdv": "379902.00128992272249637528134848",
      "risk_score": "40"
    },
    {
      "token": "FvER7SsvY5GqAMawf7Qfb5MnUUmDdbPNPg4nCa4zHoLw",
      "chain": "solana",
      "symbol": "PAJAMAS",
      "name": "PAJAMAS",
      "logo_url": "https://www.iconaves.com/token_icon_solana/solana/FvER7SsvY5GqAMawf7Qfb5MnUUmDdbPNPg4nCa4zHoLw.png",
      "current_price_usd": 0.0009754457886632145,
      "price_change_24h": -5.09,
      "tx_volume_u_24h": 7674.594437674256,
      "holders": 8912,
      "market_cap": "955811.3384825870286153732418618785",
      "fdv": "955811.3384825870286153732418618785",
      "risk_score": "40"
    },
    {
      "token": "7atgF8KQo4wJrD5ATGX7t1V2zVvykPJbFfNeVf1icFv1",
      "chain": "solana",
      "symbol": "$CWIF",
      "name": "$CWIF",
      "logo_url": "https://www.iconaves.com/token_icon_request/664389a5c2ead3c8336b373e_1715702181.png",
      "current_price_usd": 1.1234248011846348e-7,
      "price_change_24h": 0.3,
      "tx_volume_u_24h": 7618.299517588651,
      "holders": 1543552,
      "market_cap": "4110139.1261755648194271929579804",
      "fdv": "4110139.1261755648194271929579804",
      "risk_score": "55"
    },
    {
      "token": "0x4f94b8aef08c92fefe416af073f1df1e284438ec",
      "chain": "avalanche",
      "symbol": "WOLF",
      "name": "WOLF",
      "logo_url": "https://www.iconaves.com/token_icon/avalanche/0x4f94b8aef08c92fefe416af073f1df1e284438ec.png",
      "current_price_usd": 0.0000036336460146034975,
      "price_change_24h": -2.32,
      "tx_volume_u_24h": 4671.117250613711,
      "holders": 11636,
      "market_cap": "2507215.7500764132750000000000",
      "fdv": "2507215.7500764132750000000000",
      "risk_score": "40"
    },
    {
      "token": "0x9e64d3b9e8ec387a9a58ced80b71ed815f8d82b5",
      "chain": "arbitrum",
      "symbol": "SMOL",
      "name": "SMOL",
      "logo_url": "https://www.iconaves.com/token_icon/arbitrum/0x9e64d3b9e8ec387a9a58ced80b71ed815f8d82b5.png",
      "current_price_usd": 0.0000015549170668269149,
      "price_change_24h": -8.5,
      "tx_volume_u_24h": 4253.194210338641,
      "holders": 8162,
      "market_cap": "1554917.0668269149000000000000",
      "fdv": "1554917.0668269149000000000000",
      "risk_score": "40"
    },
    {
      "token": "0x7039cd6d7966672f194e8139074c3d5c4e6dcf65",
      "chain": "eth",
      "symbol": "STRUMP",
      "name": "STRUMP",
      "logo_url": "https://www.iconaves.com/token_icon/eth/0x7039cd6d7966672f194e8139074c3d5c4e6dcf65.png",
      "current_price_usd": 0.0003224558401468797,
      "price_change_24h": -3.19,
      "tx_volume_u_24h": 3986.321934,
      "holders": 15449,
      "market_cap": "754417.759588888619621088967023336",
      "fdv": "754417.759588888619621088967023336",
      "risk_score": "40"
    },
    {
      "token": "E4Q5pLaEiejwEQHcM9GeYSQfMyGy8DJ4bPWgeYthn24v",
      "chain": "solana",
      "symbol": "ADA",
      "name": "ADA",
      "logo_url": "https://www.iconaves.com/token_icon/solana/E4Q5pLaEiejwEQHcM9GeYSQfMyGy8DJ4bPWgeYthn24v.png",
      "current_price_usd": 0.0003302254017018611,
      "price_change_24h": -5.02,
      "tx_volume_u_24h": 3452.26494614318,
      "holders": 9548,
      "market_cap": "330159.6643112281212473436751864179",
      "fdv": "330159.6643112281212473436751864179",
      "risk_score": "40"
    },
    {
      "token": "4G86CMxGsMdLETrYnavMFKPhQzKTvDBYGMRAdVtr72nu",
      "chain": "solana",
      "symbol": "$NAP",
      "name": "$NAP",
      "logo_url": "https://www.iconaves.com/token_icon/solana/4G86CMxGsMdLETrYnavMFKPhQzKTvDBYGMRAdVtr72nu_1710655188.png",
      "current_price_usd": 0.000003960081309014157,
      "price_change_24h": -0.71,
      "tx_volume_u_24h": 3304.2690033453714,
      "holders": 21436,
      "market_cap": "6502625.924897499983877257153476791",
      "fdv": "6502625.924897499983877257153476791",
      "risk_score": "40"
    },
    {
      "token": "0xa0c05e2eed05912d9eb76d466167628e8024a708",
      "chain": "base",
      "symbol": "TICKER",
      "name": "TICKER",
      "logo_url": "https://www.iconaves.com/token_icon/base/0xa0c05e2eed05912d9eb76d466167628e8024a708.png",
      "current_price_usd": 0.0008239550233938041,
      "price_change_24h": -4.59,
      "tx_volume_u_24h": 2636.5856083624903,
      "holders": 4514,
      "market_cap": "823955.0233938041000000000",
      "fdv": "823955.0233938041000000000",
      "risk_score": "40"
    },
    {
      "token": "0xa00453052a36d43a99ac1ca145dfe4a952ca33b8",
      "chain": "eth",
      "symbol": "CATE",
      "name": "CATE",
      "logo_url": "https://www.iconaves.com/token_icon_request/66e062ec4d24c87e34d088d7_1725981420.png",
      "current_price_usd": 0.00015314629223622995,
      "price_change_24h": -13.35,
      "tx_volume_u_24h": 2424.235634935385,
      "holders": 7072,
      "market_cap": "153145.80458969999884366102332426640",
      "fdv": "153145.80458969999884366102332426640",
      "risk_score": "55"
    },
    {
      "token": "WskzsKqEW3ZsmrhPAevfVZb6PuuLzWov9mJWZsfDePC",
      "chain": "solana",
      "symbol": "PUNDU",
      "name": "PUNDU",
      "logo_url": "https://www.iconaves.com/token_icon/solana/WskzsKqEW3ZsmrhPAevfVZb6PuuLzWov9mJWZsfDePC.png",
      "current_price_usd": 0.004050973970789017,
      "price_change_24h": -1.27,
      "tx_volume_u_24h": 2330.7935757778887,
      "holders": 11075,
      "market_cap": "4034332.137466465868720317901571345",
      "fdv": "4034332.137466465868720317901571345",
      "risk_score": "40"
    },
    {
      "token": "0xdc8c8221b8e27dfda87a6d56dc5899a65087b6f4",
      "chain": "bsc",
      "symbol": "FLOKITA",
      "name": "FLOKITA",
      "logo_url": "https://www.iconaves.com/token_icon_request/65eaf67543d70e546df962f9_1709897334.png",
      "current_price_usd": 0.0000027504672590536164,
      "price_change_24h": -28.01,
      "tx_volume_u_24h": 2285.118117793033,
      "holders": 120862,
      "market_cap": "99014.22346810721963786165972224800000",
      "fdv": "99014.22346810721963786165972224800000",
      "risk_score": "40"
    },
    {
      "token": "0xc0db17bc219c5ca8746c29ee47862ee3ad742f4a",
      "chain": "eth",
      "symbol": "SCOTTY",
      "name": "SCOTTY",
      "logo_url": "https://www.iconaves.com/token_icon/eth/0xc0db17bc219c5ca8746c29ee47862ee3ad742f4a.png",
      "current_price_usd": 0.0006029832349012601,
      "price_change_24h": 4.87,
      "tx_volume_u_24h": 2086.5079631612502,
      "holders": 11625,
      "market_cap": "1045915.3574680530899981890",
      "fdv": "1045915.3574680530899981890",
      "risk_score": "40"
    },
    {
      "token": "0x09e18590e8f76b6cf471b3cd75fe1a1a9d2b2c2b",
      "chain": "arbitrum",
      "symbol": "AIDOGE",
      "name": "AIDOGE",
      "logo_url": "https://www.iconaves.com/token_icon/arbitrum/0x09e18590e8f76b6cf471b3cd75fe1a1a9d2b2c2b.png",
      "current_price_usd": 1.7836527907364937e-10,
      "price_change_24h": -2.21,
      "tx_volume_u_24h": 2072.376705,
      "holders": 272436,
      "market_cap": "33531576.66495693110333865952804452",
      "fdv": "33531576.66495693110333865952804452",
      "risk_score": "20"
    },
    {
      "token": "0x87bbfc9dcb66caa8ce7582a3f17b60a25cd8a248",
      "chain": "avalanche",
      "symbol": "$Td",
      "name": "$Td",
      "logo_url": "https://www.iconaves.com/token_icon/avalanche/0x87bbfc9dcb66caa8ce7582a3f17b60a25cd8a248.png",
      "current_price_usd": 0.00000291554267662139,
      "price_change_24h": -1.35,
      "tx_volume_u_24h": 1892.910389,
      "holders": 7421,
      "market_cap": "2915542.67662139000000000000",
      "fdv": "2915542.67662139000000000000",
      "risk_score": "40"
    },
    {
      "token": "0xe3b9cfb8ea8a4f1279fbc28d3e15b4d2d86f18a0",
      "chain": "eth",
      "symbol": "FOTTIE",
      "name": "FOTTIE",
      "logo_url": "https://www.iconaves.com/token_icon/eth/0xe3b9cfb8ea8a4f1279fbc28d3e15b4d2d86f18a0.png",
      "current_price_usd": 5.773546581055588e-7,
      "price_change_24h": -0.73,
      "tx_volume_u_24h": 1381.908104,
      "holders": 2726,
      "market_cap": "242887.3311184275315720000000",
      "fdv": "242887.3311184275315720000000",
      "risk_score": "55"
    },
    {
      "token": "0x5ac04b69bde6f67c0bd5d6ba6fd5d816548b066a",
      "chain": "avalanche",
      "symbol": "TECH",
      "name": "TECH",
      "logo_url": "https://www.iconaves.com/token_icon/avalanche/0x5ac04b69bde6f67c0bd5d6ba6fd5d816548b066a.png",
      "current_price_usd": 0.000004800338744217622,
      "price_change_24h": -1.63,
      "tx_volume_u_24h": 1032.965646833275,
      "holders": 9323,
      "market_cap": "323242.1629317552617781456101670178",
      "fdv": "323242.1629317552617781456101670178",
      "risk_score": "40"
    },
    {
      "token": "0x0028e1e60167b48a938b785aa5292917e7eaca8b",
      "chain": "base",
      "symbol": "COINYE",
      "name": "COINYE",
      "logo_url": "https://www.iconaves.com/token_icon/base/0x0028e1e60167b48a938b785aa5292917e7eaca8b.png",
      "current_price_usd": 0.0007341456900276775,
      "price_change_24h": -3.78,
      "tx_volume_u_24h": 748.7622354264535,
      "holders": 101314,
      "market_cap": "706690.502724377351002602811604525",
      "fdv": "706690.502724377351002602811604525",
      "risk_score": "40"
    },
    {
      "token": "0xd55210bb6898c021a19de1f58d27b71f095921ee",
      "chain": "eth",
      "symbol": "CHKN",
      "name": "CHKN",
      "logo_url": "https://www.iconaves.com/token_icon/eth/0xd55210bb6898c021a19de1f58d27b71f095921ee.png",
      "current_price_usd": 3.8071057317896626e-8,
      "price_change_24h": -4.28,
      "tx_volume_u_24h": 449.138541,
      "holders": 70623,
      "market_cap": "2626902.954934867194000000000000",
      "fdv": "2626902.954934867194000000000000",
      "risk_score": "55"
    },
    {
      "token": "0x347f500323d51e9350285daf299ddb529009e6ae",
      "chain": "base",
      "symbol": "BLERF",
      "name": "BLERF",
      "logo_url": "https://www.iconaves.com/token_icon/base/0x347f500323d51e9350285daf299ddb529009e6ae.png",
      "current_price_usd": 0.000002449404663377844,
      "price_change_24h": -2.38,
      "tx_volume_u_24h": 406.0218158392003,
      "holders": 73896,
      "market_cap": "24494.046633778440000000000",
      "fdv": "24494.046633778440000000000",
      "risk_score": "40"
    },
    {
      "token": "5hmf8Jt9puwoqiFQTb3vr22732ZTKYRLRw9Vo7tN3rcz",
      "chain": "solana",
      "symbol": "BABY",
      "name": "BABY",
      "logo_url": "https://www.iconaves.com/token_icon_solana/solana/5hmf8Jt9puwoqiFQTb3vr22732ZTKYRLRw9Vo7tN3rcz.png",
      "current_price_usd": 1.287654749341964e-7,
      "price_change_24h": -0.46,
      "tx_volume_u_24h": 389.172082,
      "holders": 7961,
      "market_cap": "126371.4068148055505886949196968536",
      "fdv": "126371.4068148055505886949196968536",
      "risk_score": "40"
    },
    {
      "token": "KdF3kjqSHbWXFstBLA2dccDxuNBi4o3yZqtMhB7k5dZ",
      "chain": "solana",
      "symbol": "APEWIFHAT",
      "name": "APEWIFHAT",
      "logo_url": "https://www.iconaves.com/token_icon/solana/KdF3kjqSHbWXFstBLA2dccDxuNBi4o3yZqtMhB7k5dZ.png",
      "current_price_usd": 1.0902582753989597e-9,
      "price_change_24h": -1.8,
      "tx_volume_u_24h": 310.908492,
      "holders": 13509,
      "market_cap": "108982.726760746058630246184473137078",
      "fdv": "108982.726760746058630246184473137078",
      "risk_score": "40"
    },
    {
      "token": "9hjZ8UTNrNWt3YUTHVpvzdQjNbp64NbKSDsbLqKR6BZc",
      "chain": "solana",
      "symbol": "ANUS",
      "name": "ANUS",
      "logo_url": "https://www.iconaves.com/token_icon/solana/9hjZ8UTNrNWt3YUTHVpvzdQjNbp64NbKSDsbLqKR6BZc.png",
      "current_price_usd": 0.00001603115995578917,
      "price_change_24h": 2.2,
      "tx_volume_u_24h": 252.69184862484494,
      "holders": 3660,
      "market_cap": "160253.00890200939914300530236253801",
      "fdv": "160253.00890200939914300530236253801",
      "risk_score": "40"
    },
    {
      "token": "0x9c7d4fb43919def524c1a9d92fe836169eaf0615",
      "chain": "eth",
      "symbol": "Wolf",
      "name": "Wolf",
      "logo_url": "https://www.iconaves.com/token_icon/eth/0x9c7d4fb43919def524c1a9d92fe836169eaf0615.png",
      "current_price_usd": 0.0014056233166914501,
      "price_change_24h": -2.51,
      "tx_volume_u_24h": 249.680492,
      "holders": 2,
      "market_cap": "591331.6730989261425690000",
      "fdv": "591331.6730989261425690000",
      "risk_score": "55"
    },
    {
      "token": "CUsEVhFGfjr2wwqjQFd7LrowYy6UhXY2HfAppUzTsihN",
      "chain": "solana",
      "symbol": "HUMP",
      "name": "HUMP",
      "logo_url": "https://www.iconaves.com/token_icon/solana/CUsEVhFGfjr2wwqjQFd7LrowYy6UhXY2HfAppUzTsihN.png",
      "current_price_usd": 0.00013284024120512337,
      "price_change_24h": -0.68,
      "tx_volume_u_24h": 122.16340757083226,
      "holders": 6445,
      "market_cap": "916592.80894032262426661155516266",
      "fdv": "916592.80894032262426661155516266",
      "risk_score": "66"
    },
    {
      "token": "Avb1PBRudW7uUV9MqTUqfZ3EZTDvNkKS63W3wyPseudf",
      "chain": "solana",
      "symbol": "CatWif",
      "name": "CatWif",
      "logo_url": "https://www.iconaves.com/token_icon_request/6604c7f60095b370661e9c34_1711589366.png",
      "current_price_usd": 0.0001251651369956101,
      "price_change_24h": 0.15,
      "tx_volume_u_24h": 59.65563043423229,
      "holders": 6853,
      "market_cap": "112626.9494121828497942260822595",
      "fdv": "112626.9494121828497942260822595",
      "risk_score": "40"
    },
    {
      "token": "0xd5d21b98903257ee56c3406ef72a60981ba81703",
      "chain": "bsc",
      "symbol": "BabyBome",
      "name": "BabyBome",
      "logo_url": "https://www.iconaves.com/token_icon_request/65fc0176a057f2e209e851d1_1711014262.png",
      "current_price_usd": 1.2208974685620208e-13,
      "price_change_24h": -2.65,
      "tx_volume_u_24h": 42.59940627418137,
      "holders": 9269,
      "market_cap": "49781.410375829042782548103073331200000000000",
      "fdv": "49781.410375829042782548103073331200000000000",
      "risk_score": "40"
    },
    {
      "token": "0x8ad25b0083c9879942a64f00f20a70d3278f6187",
      "chain": "avalanche",
      "symbol": "MEOW",
      "name": "MEOW",
      "logo_url": "https://www.iconaves.com/token_icon/avalanche/0x8ad25b0083c9879942a64f00f20a70d3278f6187.png",
      "current_price_usd": 0.0010365382549209008,
      "price_change_24h": -1.67,
      "tx_volume_u_24h": 35.808069,
      "holders": 10790,
      "market_cap": "103653.8254920900800000000",
      "fdv": "103653.8254920900800000000",
      "risk_score": "40"
    },
    {
      "token": "0x20fe91f17ec9080e3cac2d688b4ecb48c5ac3a9c",
      "chain": "blast",
      "symbol": "YES",
      "name": "YES",
      "logo_url": "https://www.iconaves.com/token_icon/blast/0x20fe91f17ec9080e3cac2d688b4ecb48c5ac3a9c.png",
      "current_price_usd": 3.3652422702891513,
      "price_change_24h": 3.18,
      "tx_volume_u_24h": 34.50079998401858,
      "holders": 7655,
      "market_cap": "289780939.2368261131167647601852726013963569",
      "fdv": "289780939.2368261131167647601852726013963569",
      "risk_score": "55"
    },
    {
      "token": "0x939727d85d99d0ac339bf1b76dfe30ca27c19067",
      "chain": "arbitrum",
      "symbol": "SIZE",
      "name": "SIZE",
      "logo_url": "https://www.iconaves.com/token_icon/arbitrum/0x939727d85d99d0ac339bf1b76dfe30ca27c19067.png",
      "current_price_usd": 0.0000014261849107807053,
      "price_change_24h": -0.85,
      "tx_volume_u_24h": 21.157155389386155,
      "holders": 2618,
      "market_cap": "142618.4910780705300000000000",
      "fdv": "142618.4910780705300000000000",
      "risk_score": "40"
    },
    {
      "token": "0xebb5d4959b2fba6318fbda7d03cd44ae771fc999",
      "chain": "avalanche",
      "symbol": "KONG",
      "name": "KONG",
      "logo_url": "https://www.iconaves.com/token_icon/avalanche/0xebb5d4959b2fba6318fbda7d03cd44ae771fc999.png",
      "current_price_usd": 3.3282422704430723e-9,
      "price_change_24h": -1.78,
      "tx_volume_u_24h": 18.583561,
      "holders": 4283,
      "market_cap": "64334.9230876645875590000000000",
      "fdv": "64334.9230876645875590000000000",
      "risk_score": "40"
    },
    {
      "token": "0xd7d919ea0c33a97ad6e7bd4f510498e2ec98cb78",
      "chain": "base",
      "symbol": "PEN",
      "name": "PEN",
      "logo_url": "https://www.iconaves.com/token_icon/base/0xd7d919ea0c33a97ad6e7bd4f510498e2ec98cb78.png",
      "current_price_usd": 1.3647831078160103e-7,
      "price_change_24h": -3.73,
      "tx_volume_u_24h": 6.97612050802696,
      "holders": 633040,
      "market_cap": "131871.80525035375053473811647406116",
      "fdv": "131871.80525035375053473811647406116",
      "risk_score": "40"
    },
    {
      "token": "0x6432096f054288ee45b7f6ad8863a1f4a8e1201c",
      "chain": "base",
      "symbol": "FOMO",
      "name": "FOMO",
      "logo_url": "https://www.iconaves.com/token_icon/base/0x6432096f054288ee45b7f6ad8863a1f4a8e1201c.png",
      "current_price_usd": 0.000013376786156295148,
      "price_change_24h": 5.5,
      "tx_volume_u_24h": 3.555972,
      "holders": 63281,
      "market_cap": "133767.861562951480000000000",
      "fdv": "133767.861562951480000000000",
      "risk_score": "40"
    },
    {
      "token": "0xd1c9a0c574d989a130536baad5102c35f815eed6",
      "chain": "bsc",
      "symbol": "TRUMPPEPE",
      "name": "TRUMPPEPE",
      "logo_url": "https://www.iconaves.com/token_icon_request/66005f65dff36b699d63375d_1711300453.png",
      "current_price_usd": 7.043409469084194e-7,
      "price_change_24h": -0.01,
      "tx_volume_u_24h": 2.987088,
      "holders": 525,
      "market_cap": "44418.5574758325610416000000",
      "fdv": "44418.5574758325610416000000",
      "risk_score": "40"
    },
    {
      "token": "0xd7cfdb3cdc33dbeb9e9a4c95b61953cf12a008b3",
      "chain": "eth",
      "symbol": "BRUH",
      "name": "BRUH",
      "logo_url": "https://www.iconaves.com/token_icon_request/66d17b38417f4b20db28724c_1725004600.png",
      "current_price_usd": 0.000043127136937627276,
      "price_change_24h": 0,
      "tx_volume_u_24h": 0,
      "holders": 2611,
      "market_cap": "43127.136937627276000000000",
      "fdv": "43127.136937627276000000000",
      "risk_score": "55"
    },
    {
      "token": "0x54bb6c8551712ab214950cd7acf8493ef4e7e3ae",
      "chain": "bsc",
      "symbol": "PIF",
      "name": "PIF",
      "logo_url": "https://www.iconaves.com/token_icon_request/65f2d6a8adedbb91dfbeb931_1710413480.png",
      "current_price_usd": 0.000024782293442878318,
      "price_change_24h": 0,
      "tx_volume_u_24h": 0,
      "holders": 2543,
      "market_cap": "5648.6086324429841032038273126308",
      "fdv": "5648.6086324429841032038273126308",
      "risk_score": "40"
    },
    {
      "token": "0x59821011487236ade7f9823f028fc6d5f3758877",
      "chain": "avalanche",
      "symbol": "CULT",
      "name": "CULT",
      "logo_url": "https://www.iconaves.com/token_icon/avalanche/0x59821011487236ade7f9823f028fc6d5f3758877.png",
      "current_price_usd": 0.000007664553580815517,
      "price_change_24h": 0,
      "tx_volume_u_24h": 0,
      "holders": 722,
      "market_cap": "205.630935513985446800739772354532",
      "fdv": "205.630935513985446800739772354532",
      "risk_score": "55"
    }
  ],
  "timestamp": 1747244888813
}